City_ID,City,Country,Date,Lat,Lng,Max Temp,Humidity,Cloudiness,Wind Speed
0,Kaitangata,NZ,2022-12-24 18:27:46,-46.2817,169.8464,52.16,96,79,2.39
1,Rikitea,PF,2022-12-24 18:23:43,-23.1203,-134.9692,76.82,74,16,10.71
2,Orthez,FR,2022-12-24 18:33:36,43.4884,-0.7724,58.75,75,0,5.23
3,Kenai,US,2022-12-24 18:33:36,60.5544,-151.2583,8.65,56,100,14.97
4,Ushuaia,AR,2022-12-24 18:23:55,-54.8,-68.3,58.66,55,40,29.93
5,Qaanaaq,GL,2022-12-24 18:25:18,77.484,-69.3632,-16.67,67,82,5.75
6,Saint George,US,2022-12-24 18:29:28,37.1041,-113.5841,49.42,48,0,1.01
7,Zalha,RO,2022-12-24 18:33:37,47.1833,23.5333,37.58,96,100,5.26
8,Busselton,AU,2022-12-24 18:26:32,-33.65,115.3333,60.13,93,44,9.24
9,Sisimiut,GL,2022-12-24 18:33:38,66.9395,-53.6735,7.68,59,16,12.1
10,Punta Arenas,CL,2022-12-24 18:22:41,-53.15,-70.9167,64.51,42,20,29.93
11,Port Elizabeth,ZA,2022-12-24 18:33:38,-33.918,25.5701,68.31,83,20,13.8
12,Pevek,RU,2022-12-24 18:25:08,69.7008,170.3133,-2.88,86,6,2.01
13,Conde,BR,2022-12-24 18:33:39,-7.2597,-34.9075,85.46,62,75,13.8
14,Gubkinskiy,RU,2022-12-24 18:33:39,64.434,76.5026,-3.21,100,98,7.47
15,Thinadhoo,MV,2022-12-24 18:33:40,0.5333,72.9333,81.25,77,86,19.06
16,Castro,BR,2022-12-24 18:23:48,-24.7911,-50.0119,73.6,69,67,3.22
17,Dikson,RU,2022-12-24 18:25:14,73.5069,80.5464,-18.24,90,10,6.51
18,Zhigansk,RU,2022-12-24 18:33:41,66.7697,123.3711,-25.17,97,93,6.24
19,Port Alfred,ZA,2022-12-24 18:29:05,-33.5906,26.891,68.18,80,47,5.01
20,Albany,US,2022-12-24 18:25:08,42.6001,-73.9662,15.03,51,72,3.0
21,Muros,ES,2022-12-24 18:30:27,42.7762,-9.0603,55.69,95,100,7.47
22,Henties Bay,NA,2022-12-24 18:33:42,-22.116,14.2845,63.46,90,1,7.94
23,Barrow,US,2022-12-24 18:23:53,71.2906,-156.7887,10.42,92,100,11.5
24,Tuktoyaktuk,CA,2022-12-24 18:24:35,69.4541,-133.0374,-32.8,75,0,9.22
25,Karratha,AU,2022-12-24 18:33:44,-20.7377,116.8463,80.6,70,99,18.21
26,Hithadhoo,MV,2022-12-24 18:33:44,-0.6,73.0833,81.63,71,100,21.59
27,Rio Gallegos,AR,2022-12-24 18:31:47,-51.6226,-69.2181,69.85,46,40,20.71
28,Libreville,GA,2022-12-24 18:33:46,0.3925,9.4537,80.11,78,72,9.17
29,Mar Del Plata,AR,2022-12-24 18:25:11,-38.0023,-57.5575,62.94,68,75,18.41
30,Clyde River,CA,2022-12-24 18:33:46,70.4692,-68.5914,-9.17,84,100,9.22
31,Kapaa,US,2022-12-24 18:25:09,22.0752,-159.319,75.18,78,0,8.05
32,Lompoc,US,2022-12-24 18:27:37,34.6391,-120.4579,67.78,97,0,3.44
33,Pasighat,IN,2022-12-24 18:33:47,28.0667,95.3333,59.18,80,92,3.71
34,Klaksvik,FO,2022-12-24 18:27:45,62.2266,-6.589,36.52,99,100,41.63
35,Akyab,MM,2022-12-24 18:33:48,20.15,92.9,66.58,71,3,5.21
36,Leningradskiy,RU,2022-12-24 18:33:48,69.3833,178.4167,0.79,82,2,3.15
37,Hobart,AU,2022-12-24 18:25:11,-42.8794,147.3294,55.06,91,26,0.0
38,Avarua,CK,2022-12-24 18:23:50,-21.2078,-159.775,78.85,78,61,3.44
39,Tornio,FI,2022-12-24 18:33:49,65.8481,24.1466,14.02,88,26,8.19
40,Cape Town,ZA,2022-12-24 18:20:05,-33.9258,18.4232,64.11,77,75,16.11
41,Hilo,US,2022-12-24 18:22:26,19.7297,-155.09,82.27,75,0,4.61
42,Mahebourg,MU,2022-12-24 18:33:50,-20.4081,57.7,79.25,78,40,8.05
43,Tasiilaq,GL,2022-12-24 18:27:41,65.6145,-37.6368,10.56,54,0,9.35
44,Port Huron,US,2022-12-24 18:30:21,42.9709,-82.4249,15.87,67,100,23.02
45,Carnarvon,AU,2022-12-24 18:25:04,-24.8667,113.6333,77.49,75,17,13.29
46,Bengkulu,ID,2022-12-24 18:25:04,-3.8004,102.2655,74.35,89,100,4.29
47,Zharkent,KZ,2022-12-24 18:34:51,44.1628,80.0,12.22,82,45,3.74
48,Matamoros,MX,2022-12-24 18:31:56,25.5333,-103.25,42.12,41,0,0.0
49,Parfino,RU,2022-12-24 18:34:52,57.9731,31.6481,19.47,97,10,4.27
50,Yellowknife,CA,2022-12-24 18:24:41,62.456,-114.3525,-22.45,76,75,9.22
51,Owando,CG,2022-12-24 18:34:53,-0.4819,15.8999,77.23,69,79,1.36
52,Hermanus,ZA,2022-12-24 18:34:53,-34.4187,19.2345,60.8,67,100,13.51
53,Jamestown,US,2022-12-24 18:33:55,42.097,-79.2353,8.71,77,100,26.46
54,Katima Mulilo,NA,2022-12-24 18:34:54,-17.5,24.2667,72.18,65,0,6.31
55,Vao,NC,2022-12-24 18:30:26,-22.6667,167.4833,79.34,79,15,13.51
56,Nemuro,JP,2022-12-24 18:34:54,43.3236,145.575,34.81,87,82,28.12
57,Biak,ID,2022-12-24 18:26:38,-0.9131,122.8766,76.8,83,100,1.54
58,Luderitz,NA,2022-12-24 18:27:56,-26.6481,15.1594,67.3,70,36,26.28
59,Palmer,US,2022-12-24 18:34:55,42.1584,-72.3287,16.63,48,40,12.66
60,Yeppoon,AU,2022-12-24 18:34:55,-23.1333,150.7333,67.78,75,100,2.51
61,Bilma,NE,2022-12-24 18:34:56,18.6853,12.9164,62.56,31,20,5.23
62,Adrar,MR,2022-12-24 18:27:44,20.5022,-10.0711,68.83,17,0,9.4
63,Gamba,GA,2022-12-24 18:34:56,-2.65,10.0,78.3,82,56,3.85
64,Chuy,UY,2022-12-24 18:30:21,-33.6971,-53.4616,68.25,95,100,6.93
65,Ridgecrest,US,2022-12-24 18:30:30,35.6225,-117.6709,60.39,43,0,1.01
66,Wilmington Island,US,2022-12-24 18:34:57,32.0036,-80.9737,31.03,42,20,17.27
67,Yamada,JP,2022-12-24 18:34:58,39.4667,141.95,34.45,76,12,7.16
68,Strelka,RU,2022-12-24 18:34:58,58.0728,93.0344,7.72,96,100,5.41
69,Gafanha Da Encarnacao,PT,2022-12-24 18:34:58,40.6181,-8.733,63.05,89,100,18.21
70,Avera,US,2022-12-24 18:34:59,33.194,-82.5271,25.56,25,53,16.55
71,Taseyevo,RU,2022-12-24 18:34:59,57.2169,94.8978,5.02,94,100,3.76
72,Lebu,CL,2022-12-24 18:26:31,-37.6167,-73.65,68.11,52,0,24.67
73,Alekseyevskoye,RU,2022-12-24 18:35:00,55.3071,50.1135,32.11,87,100,18.57
74,Srandakan,ID,2022-12-24 18:35:00,-7.9386,110.2506,76.84,88,100,8.41
75,Kununurra,AU,2022-12-24 18:35:01,-15.7667,128.7333,76.98,94,40,5.75
76,Bonnyville,CA,2022-12-24 18:30:27,54.2668,-110.735,1.2,93,100,7.36
77,Digha,IN,2022-12-24 18:35:02,21.6833,87.55,69.55,73,0,8.59
78,Okha,RU,2022-12-24 18:35:02,53.5739,142.9478,28.09,94,100,13.42
79,Atuona,PF,2022-12-24 18:35:02,-9.8,-139.0333,78.04,72,1,17.38
80,Katherine,AU,2022-12-24 18:35:03,-14.4667,132.2667,79.12,89,80,5.75
81,Faanui,PF,2022-12-24 18:35:03,-16.4833,-151.75,80.62,73,13,14.97
82,Xining,CN,2022-12-24 18:35:04,36.6167,101.7667,19.04,52,100,3.33
83,Saint-Philippe,RE,2022-12-24 18:35:05,-21.3585,55.7679,78.39,81,97,7.81
84,Poum,NC,2022-12-24 18:35:05,-20.2333,164.0167,80.78,78,21,10.56
85,Humaita,BR,2022-12-24 18:35:05,-7.5061,-63.0208,86.0,71,81,2.68
86,Bredasdorp,ZA,2022-12-24 18:26:24,-34.5322,20.0403,65.01,64,100,16.24
87,Ellisras,ZA,2022-12-24 18:35:06,-23.6649,27.7443,78.1,24,100,1.63
88,Hurghada,EG,2022-12-24 18:33:18,27.2574,33.8129,66.24,55,20,5.75
89,Arrecife,ES,2022-12-24 18:35:07,28.963,-13.5477,71.58,73,0,2.3
90,Sao Felix Do Xingu,BR,2022-12-24 18:36:08,-6.6447,-51.995,82.33,75,45,3.15
91,New Norfolk,AU,2022-12-24 18:27:47,-42.7826,147.0587,53.71,71,13,3.13
92,Nikolskoye,RU,2022-12-24 18:29:13,59.7035,30.7861,28.29,76,99,8.95
93,Obo,CF,2022-12-24 18:36:08,5.3998,26.4869,75.2,36,7,3.0
94,Airai,TL,2022-12-24 18:29:10,-8.9266,125.4092,61.16,95,100,2.37
95,Butaritari,KI,2022-12-24 18:26:25,3.0707,172.7902,80.67,80,75,18.84
96,Tiksi,RU,2022-12-24 18:27:55,71.6872,128.8694,-1.14,80,100,3.71
97,Pimenta Bueno,BR,2022-12-24 18:36:09,-11.6725,-61.1936,83.44,80,68,5.46
98,Camocim,BR,2022-12-24 18:36:10,-2.9022,-40.8411,83.84,62,44,15.52
99,Nabire,ID,2022-12-24 18:36:10,-3.3667,135.4833,77.38,86,100,3.18
100,Hambantota,LK,2022-12-24 18:28:59,6.1241,81.1185,79.14,100,40,5.75
101,Nome,US,2022-12-24 18:30:34,64.5011,-165.4064,10.47,56,75,11.5
102,Nisia Floresta,BR,2022-12-24 18:36:11,-6.0911,-35.2086,86.81,59,11,11.21
103,Cap Malheureux,MU,2022-12-24 18:27:53,-19.9842,57.6142,79.47,73,3,5.01
104,Acapulco,MX,2022-12-24 18:36:11,16.8634,-99.8901,84.02,61,40,9.22
105,Nhulunbuy,AU,2022-12-24 18:36:12,-12.2333,136.7667,81.21,89,100,8.05
106,Chaoyang,CN,2022-12-24 18:36:12,41.5703,120.4586,13.75,32,0,3.31
107,Novyy Urengoy,RU,2022-12-24 18:36:13,66.0833,76.6333,-2.42,100,92,6.85
108,Kayerkan,RU,2022-12-24 18:36:13,69.3497,87.7602,-13.49,75,95,6.82
109,Miraflores,MX,2022-12-24 18:36:14,19.2167,-98.8083,64.98,42,84,4.14
110,Vaini,TO,2022-12-24 18:36:14,-21.2,-175.2,78.96,83,75,5.75
111,Kruisfontein,ZA,2022-12-24 18:36:14,-34.0033,24.7314,65.88,80,100,14.0
112,Umba,RU,2022-12-24 18:36:15,66.6871,34.3429,7.54,97,100,7.92
113,Saskylakh,RU,2022-12-24 18:26:20,71.9167,114.0833,-21.75,98,64,6.35
114,Mataura,NZ,2022-12-24 18:36:15,-46.1927,168.8643,53.4,97,100,3.87
115,Georgetown,MY,2022-12-24 18:29:02,5.4112,100.3354,80.53,79,20,5.75
116,Uruzgan,AF,2022-12-24 18:36:16,32.8333,66.0,39.02,42,100,1.63
117,Pangai,TO,2022-12-24 18:36:17,-19.8,-174.35,80.71,74,20,12.66
118,Oistins,BB,2022-12-24 18:36:01,13.0667,-59.5333,82.49,69,40,24.16
119,Bluff,NZ,2022-12-24 18:36:17,-46.6,168.3333,53.67,88,78,9.04
120,Melito Di Porto Salvo,IT,2022-12-24 18:36:18,37.9222,15.7714,64.54,82,100,12.66
121,Takaka,NZ,2022-12-24 18:34:08,-40.85,172.8,58.55,61,17,0.89
122,San Antonio,US,2022-12-24 18:35:44,29.4241,-98.4936,39.97,25,0,4.61
123,Norman Wells,CA,2022-12-24 18:28:11,65.282,-126.8329,-29.16,75,100,5.75
124,Sinnamary,GF,2022-12-24 18:30:20,5.3833,-52.95,78.21,85,33,11.05
125,Arraial Do Cabo,BR,2022-12-24 18:36:19,-22.9661,-42.0278,78.76,69,75,18.41
126,San Cataldo,IT,2022-12-24 18:36:19,37.4841,13.9854,55.87,72,100,4.83
127,Viedma,AR,2022-12-24 18:36:20,-40.8135,-62.9967,69.84,24,0,14.03
128,Malacampa,PH,2022-12-24 18:36:20,15.6483,120.4093,66.61,76,90,4.38
129,Balakliya,UA,2022-12-24 18:33:03,49.4627,36.8595,41.11,90,100,6.31
130,Alofi,NU,2022-12-24 18:29:00,-19.0595,-169.9187,75.09,94,4,3.44
131,Labuhan,ID,2022-12-24 18:36:21,-6.8844,112.2051,78.39,83,100,11.9
132,Chitipa,MW,2022-12-24 18:36:21,-9.7024,33.2697,64.65,93,100,0.96
133,Lavrentiya,RU,2022-12-24 18:26:30,65.5833,-171.0,6.17,92,7,11.45
134,Ancud,CL,2022-12-24 18:36:22,-41.8697,-73.8203,65.5,57,82,6.38
135,Isangel,VU,2022-12-24 18:27:55,-19.55,169.2667,78.01,81,88,5.01
136,Pringsewu,ID,2022-12-24 18:37:22,-5.3582,104.9744,72.43,96,100,3.29
137,Severo-Kurilsk,RU,2022-12-24 18:37:23,50.6789,156.125,34.47,97,100,32.21
138,Lulea,SE,2022-12-24 18:37:24,65.5842,22.1547,17.67,93,4,5.75
139,Malpe,IN,2022-12-24 18:37:24,13.35,74.7167,74.5,65,93,4.32
140,Harper,LR,2022-12-24 18:37:24,4.375,-7.7169,80.78,75,95,8.66
141,Provideniya,RU,2022-12-24 18:37:25,64.3833,-173.3,15.69,73,0,12.86
142,Dingle,PH,2022-12-24 18:37:25,10.9995,122.6711,73.9,86,68,12.64
143,Necochea,AR,2022-12-24 18:37:26,-38.5473,-58.7368,60.73,56,100,19.86
144,Khatanga,RU,2022-12-24 18:27:43,71.9667,102.5,-10.82,91,100,4.52
145,Manuk Mangkaw,PH,2022-12-24 18:37:26,4.8,119.85,80.58,79,100,15.3
146,Cidreira,BR,2022-12-24 18:37:27,-30.1811,-50.2056,75.69,72,41,17.72
147,Emba,KZ,2022-12-24 18:37:27,48.8264,58.1442,11.5,75,0,6.53
148,Keuruu,FI,2022-12-24 18:37:28,62.2667,24.7,28.58,92,10,7.67
149,Kangalassy,RU,2022-12-24 18:37:28,62.3464,129.9628,-13.07,93,100,6.31
150,Kotka,FI,2022-12-24 18:37:29,60.4664,26.9458,25.86,90,8,9.69
151,Westport,US,2022-12-24 18:37:29,41.1415,-73.3579,16.81,50,40,11.5
152,Sadao,TH,2022-12-24 18:37:30,6.6388,100.4234,76.55,81,100,7.07
153,Atbasar,KZ,2022-12-24 18:37:30,51.8,68.3333,12.36,85,67,9.44
154,Menongue,AO,2022-12-24 18:37:30,-14.6585,17.691,66.81,79,95,3.2
155,Mao,ES,2022-12-24 18:37:31,39.8885,4.2658,59.56,100,20,4.61
156,Tuatapere,NZ,2022-12-24 18:37:32,-46.1333,167.6833,55.58,83,78,6.04
157,Bambous Virieux,MU,2022-12-24 18:37:33,-20.3428,57.7575,79.21,78,40,8.05
158,Bethel,US,2022-12-24 18:30:31,41.3712,-73.414,15.49,53,0,13.8
159,Merauke,ID,2022-12-24 18:37:33,-8.4667,140.3333,78.46,89,100,8.75
160,Bertoua,CM,2022-12-24 18:37:34,4.5833,13.6833,75.63,33,67,2.3
161,Laguna,US,2022-12-24 18:33:07,38.421,-121.4238,57.09,96,100,3.44
162,Thompson,CA,2022-12-24 18:37:35,55.7435,-97.8558,-11.04,64,20,8.05
163,Ilfracombe,GB,2022-12-24 18:37:35,51.2093,-4.1134,51.85,91,67,10.0
164,Guaymas,MX,2022-12-24 18:37:35,27.9333,-110.9,73.89,27,0,9.22
165,Vardo,NO,2022-12-24 18:37:36,70.3705,31.1107,26.58,80,100,5.75
166,Puerto Ayora,EC,2022-12-24 18:37:36,-0.7393,-90.3518,82.36,87,61,5.01
167,Port Lincoln,AU,2022-12-24 18:37:37,-34.7333,135.8667,58.96,77,0,1.34
168,Marau,BR,2022-12-24 18:37:38,-28.4492,-52.2,85.95,24,100,4.34
169,Saquarema,BR,2022-12-24 18:37:38,-22.92,-42.5103,78.94,78,39,14.88
170,Mount Gambier,AU,2022-12-24 18:37:39,-37.8333,140.7667,48.4,91,0,3.09
171,Ukrayinka,UA,2022-12-24 18:37:40,47.9167,35.35,41.95,95,99,6.51
172,Ife,NG,2022-12-24 18:37:41,7.4667,4.5667,75.52,35,18,2.71
173,Caravelas,BR,2022-12-24 18:30:33,-17.7125,-39.2481,71.44,97,100,3.67
174,Egvekinot,RU,2022-12-24 18:37:41,66.3167,-179.1667,12.99,65,2,16.15
175,Pontes E Lacerda,BR,2022-12-24 18:37:42,-15.2261,-59.3353,87.69,59,94,2.66
176,Birjand,IR,2022-12-24 18:37:42,32.8663,59.2211,41.47,70,40,13.8
177,East London,ZA,2022-12-24 18:37:43,-33.0153,27.9116,65.34,100,100,16.11
178,Inuvik,CA,2022-12-24 18:37:43,68.3499,-133.7218,-26.54,68,0,8.05
179,Zemio,CF,2022-12-24 18:37:44,5.0314,25.1361,75.7,37,41,1.81
180,Keti Bandar,PK,2022-12-24 18:29:10,24.1447,67.4497,69.35,30,6,4.76
181,Sobolevo,RU,2022-12-24 18:37:44,54.4299,31.8996,19.89,94,19,5.79
182,Kodiak,US,2022-12-24 18:34:32,57.79,-152.4072,24.31,93,100,13.8
183,Sayat,TM,2022-12-24 18:38:45,38.7839,63.8803,26.47,64,95,7.81
184,Haradok,BY,2022-12-24 18:38:46,55.4624,29.9816,11.93,98,64,3.62
185,Tigzirt,DZ,2022-12-24 18:38:46,36.8886,4.1198,63.43,58,0,3.98
186,Taoudenni,ML,2022-12-24 18:29:11,22.6783,-3.9836,70.74,17,0,8.1
187,Husavik,IS,2022-12-24 18:38:47,66.0449,-17.3389,13.86,73,100,7.99
188,Khorramshahr,IR,2022-12-24 18:38:47,30.4397,48.1664,57.16,88,5,2.3
189,Makakilo City,US,2022-12-24 18:34:04,21.3469,-158.0858,75.52,80,75,8.05
190,Pitimbu,BR,2022-12-24 18:38:48,-7.4706,-34.8086,86.59,65,44,10.42
191,Puerto Leguizamo,CO,2022-12-24 18:38:49,-0.1934,-74.7819,93.76,29,11,6.87
192,Wainwright,CA,2022-12-24 18:38:49,52.839,-110.8572,0.82,94,100,9.82
193,Fare,PF,2022-12-24 18:38:49,-16.7,-151.0167,79.92,74,3,13.44
194,Bucerias,MX,2022-12-24 18:36:24,20.75,-105.3333,76.98,57,0,0.0
195,Torbay,CA,2022-12-24 18:29:04,47.6666,-52.7314,35.58,95,100,36.82
196,Te Anau,NZ,2022-12-24 18:38:50,-45.4167,167.7167,52.63,96,100,2.39
197,Severnyy-Kospashskiy,RU,2022-12-24 18:38:51,59.0925,57.8008,35.6,100,100,10.71
198,Nelson Bay,AU,2022-12-24 18:38:51,-32.7167,152.15,71.01,97,0,3.0
199,Lasem,ID,2022-12-24 18:38:51,-6.6922,111.4527,76.08,91,100,7.83
200,Multan,PK,2022-12-24 18:37:06,30.1956,71.4753,48.09,93,100,0.0
201,Chateaubelair,VC,2022-12-24 18:38:52,13.2833,-61.25,81.12,65,40,25.32
202,Yantongshan,CN,2022-12-24 18:38:53,43.2919,126.0094,-1.55,100,81,2.28
203,Syracuse,IT,2022-12-24 18:37:33,37.0881,15.2792,58.59,78,45,0.96
204,Blagoyevo,RU,2022-12-24 18:38:53,63.3667,47.9167,32.31,96,100,9.91
205,Half Moon Bay,US,2022-12-24 18:38:54,37.4636,-122.4286,60.19,78,20,3.44
206,Salalah,OM,2022-12-24 18:38:54,17.0151,54.0924,75.29,78,40,3.44
207,Yevlax,AZ,2022-12-24 18:38:54,40.6089,47.1492,40.98,81,100,5.75
208,Kahului,US,2022-12-24 18:35:37,20.8947,-156.47,78.84,84,20,11.5
209,Kidal,ML,2022-12-24 18:38:55,18.4411,1.4078,66.0,24,56,10.38
210,Ostrovnoy,RU,2022-12-24 18:38:55,68.0531,39.5131,19.71,94,100,14.54
211,Atar,MR,2022-12-24 18:38:56,20.5169,-13.0499,69.15,17,0,9.84
212,Gobabis,NA,2022-12-24 18:38:56,-22.45,18.9667,74.01,50,92,10.94
213,Ribeira Grande,PT,2022-12-24 18:29:07,38.5167,-28.7,57.6,62,40,15.01
214,Zhangjiakou,CN,2022-12-24 18:38:57,40.81,114.8794,13.98,36,100,3.42
215,Albury,AU,2022-12-24 18:38:57,-36.0833,146.9167,57.02,100,0,4.18
216,Victoria,HK,2022-12-24 18:30:29,22.2855,114.1577,61.32,66,6,3.0
217,Lermontovka,RU,2022-12-24 18:38:58,47.1453,134.3383,8.08,97,100,2.13
218,Iznoski,RU,2022-12-24 18:38:58,54.9881,35.3108,29.8,90,100,5.66
219,Sao Gabriel Da Cachoeira,BR,2022-12-24 18:38:59,-0.1303,-67.0892,84.0,84,40,2.3
220,Vyartsilya,RU,2022-12-24 18:38:59,62.1764,30.693,12.31,97,62,5.21
221,Agadez,NE,2022-12-24 18:39:00,19.75,10.25,60.24,32,0,8.75
222,Srednekolymsk,RU,2022-12-24 18:39:00,67.45,153.6833,-26.46,94,17,1.66
223,Peruibe,BR,2022-12-24 18:39:00,-24.32,-46.9983,75.47,79,88,11.3
224,Bubaque,GW,2022-12-24 18:39:01,11.2833,-15.8333,80.98,55,100,9.28
225,Katsuura,JP,2022-12-24 18:29:19,35.1333,140.3,46.65,56,2,17.13
226,Kamenka,RU,2022-12-24 18:39:02,51.3223,42.7678,31.8,97,100,9.4
227,Mount Isa,AU,2022-12-24 18:39:02,-20.7333,139.5,74.97,100,40,2.3
228,Poya,NC,2022-12-24 18:40:02,-21.35,165.15,77.29,86,69,4.21
229,Vila Franca Do Campo,PT,2022-12-24 18:40:03,37.7167,-25.4333,55.81,80,37,19.3
230,General Roca,AR,2022-12-24 18:40:03,-39.0333,-67.5833,78.26,13,0,6.6
231,Nouadhibou,MR,2022-12-24 18:40:04,20.931,-17.0347,75.18,33,0,6.91
232,Jalu,LY,2022-12-24 18:40:04,29.0331,21.5482,60.6,72,0,8.63
233,Byron Bay,AU,2022-12-24 18:40:05,-28.65,153.6167,64.94,90,23,4.63
234,Pisco,PE,2022-12-24 18:40:05,-13.7,-76.2167,73.02,78,80,10.36
235,Kedrovyy,RU,2022-12-24 18:40:06,56.1667,91.8167,10.87,94,100,6.4
236,Jardim,BR,2022-12-24 18:40:06,-21.4803,-56.1381,81.52,62,100,2.3
237,Fonte Boa,BR,2022-12-24 18:40:07,-2.4959,-66.2662,90.12,47,29,5.53
238,Ilulissat,GL,2022-12-24 18:40:07,69.2167,-51.1,-16.38,65,6,6.87
239,Emirdag,TR,2022-12-24 18:40:08,39.0197,31.15,36.63,79,5,0.92
240,Namibe,AO,2022-12-24 18:40:08,-15.1961,12.1522,70.48,80,97,6.6
241,Youkounkoun,GN,2022-12-24 18:40:09,12.5333,-13.1333,82.72,20,100,3.8
242,Shelburne,CA,2022-12-24 18:40:09,44.0787,-80.2041,18.05,90,100,28.52
243,Guerrero Negro,MX,2022-12-24 18:30:30,27.9769,-114.0611,71.98,28,0,3.2
244,Heishan,CN,2022-12-24 18:40:10,41.6892,122.1128,9.63,53,0,5.57
245,Mayo,US,2022-12-24 18:40:10,38.8876,-76.5119,20.25,44,20,10.0
246,Constitucion,CL,2022-12-24 18:40:11,-35.3333,-72.4167,70.81,50,7,13.67
247,Ca Mau,VN,2022-12-24 18:40:11,9.1769,105.15,70.12,82,100,2.93
248,Anloga,GH,2022-12-24 18:40:11,5.7947,0.8973,81.07,61,93,9.64
249,Lagoa,PT,2022-12-24 18:40:12,39.05,-27.9833,56.57,55,52,30.42
250,Faya,SA,2022-12-24 18:40:12,18.3851,42.4509,52.32,81,19,4.32
251,Pervomayskoye,RU,2022-12-24 18:40:13,43.919,46.7102,43.21,82,83,4.18
252,San Patricio,US,2022-12-24 18:40:13,28.017,-97.5169,36.32,19,5,7.56
253,Cherskiy,RU,2022-12-24 18:40:14,68.75,161.3,-1.88,81,3,3.56
254,Barentu,ER,2022-12-24 18:40:14,15.1139,37.5928,71.49,34,19,10.29
255,Masallatah,LY,2022-12-24 18:40:15,32.6167,14.0,61.14,71,100,14.97
256,Dondo,MZ,2022-12-24 18:40:15,-19.6094,34.7431,76.51,80,0,7.09
257,Esperance,AU,2022-12-24 18:40:16,-33.8667,121.9,62.65,87,51,8.52
258,Nyurba,RU,2022-12-24 18:40:16,63.2842,118.3319,-25.71,97,99,5.37
259,Sandpoint,US,2022-12-24 18:40:17,48.2766,-116.5533,12.34,85,100,3.44
260,Yar-Sale,RU,2022-12-24 18:40:17,66.8333,70.8333,-5.62,100,91,7.11
261,Mitsamiouli,KM,2022-12-24 18:40:18,-11.3847,43.2844,80.47,76,84,5.14
262,Chokurdakh,RU,2022-12-24 18:40:18,70.6333,147.9167,-22.88,95,5,2.26
263,Yining,CN,2022-12-24 18:40:19,29.0361,114.5636,37.9,59,0,2.86
264,Port Hardy,CA,2022-12-24 18:40:19,50.6996,-127.4199,41.18,100,100,5.75
265,Gigmoto,PH,2022-12-24 18:40:20,13.7796,124.39,74.95,86,100,20.15
266,Shchebetovka,UA,2022-12-24 18:40:20,44.9333,35.15,48.42,82,95,5.46
267,Boa Vista,BR,2022-12-24 18:40:21,2.8197,-60.6733,87.78,42,40,13.8
268,Chlorakas,CY,2022-12-24 18:40:21,34.8042,32.4083,54.48,82,20,4.61
269,Port Blair,IN,2022-12-24 18:40:22,11.6667,92.75,80.64,74,20,5.75
270,Roald,NO,2022-12-24 18:40:22,62.5833,6.1333,30.09,80,85,13.8
271,Gewane,ET,2022-12-24 18:40:22,10.1664,40.6453,78.21,47,62,6.46
272,Moose Jaw,CA,2022-12-24 18:35:32,50.4001,-105.5344,-0.15,71,95,12.66
273,Ponta Do Sol,PT,2022-12-24 18:40:23,32.6667,-17.1,69.01,91,76,11.74
274,Rio Grande,BR,2022-12-24 18:40:23,-32.035,-52.0986,93.31,73,99,9.95
275,Nizhniy Kuranakh,RU,2022-12-24 18:40:24,58.8353,125.4869,-14.28,99,100,2.68
276,Cayenne,GF,2022-12-24 18:41:24,4.9333,-52.3333,78.84,89,75,13.8
277,Grand Baie,MU,2022-12-24 18:41:25,-20.0182,57.5802,79.45,73,4,3.0
278,Mayya,RU,2022-12-24 18:41:25,61.7333,130.2811,-13.68,95,100,6.13
279,Kalakamati,BW,2022-12-24 18:41:26,-20.5929,27.3121,75.52,22,0,5.41
280,Cockburn Town,TC,2022-12-24 18:41:26,21.4612,-71.1419,78.96,73,4,10.4
281,Davila,PH,2022-12-24 18:41:27,18.4726,120.5763,69.78,77,100,30.15
282,Tabou,CI,2022-12-24 18:41:27,4.423,-7.3528,80.92,75,95,7.0
283,Wahiawa,US,2022-12-24 18:41:28,21.5028,-158.0236,73.72,77,100,3.44
284,Sao Filipe,CV,2022-12-24 18:41:29,14.8961,-24.4956,74.84,59,8,12.12
285,Ayan,RU,2022-12-24 18:41:29,56.45,138.1667,5.34,69,100,16.78
286,Miri,MY,2022-12-24 18:38:18,4.4148,114.0089,77.14,88,40,0.0
287,Brigantine,US,2022-12-24 18:41:30,39.4101,-74.3646,18.03,45,0,18.99
288,Iqaluit,CA,2022-12-24 18:41:30,63.7506,-68.5145,-7.31,63,100,4.61
289,Sorland,NO,2022-12-24 18:41:30,67.667,12.6934,33.66,53,100,19.89
290,Evensk,RU,2022-12-24 18:41:31,61.95,159.2333,22.8,56,100,19.53
291,Zyryanka,RU,2022-12-24 18:41:32,65.75,150.85,-28.25,96,5,0.92
292,Vila Velha,BR,2022-12-24 18:41:32,-20.3297,-40.2925,73.35,97,100,3.0
293,Baran,IN,2022-12-24 18:37:29,25.1,76.5167,55.65,48,8,7.11
294,Bismarck,US,2022-12-24 18:37:13,46.8083,-100.7837,-2.18,70,0,4.61
295,Sechura,PE,2022-12-24 18:41:33,-5.5569,-80.8222,81.88,56,19,14.25
296,Ambilobe,MG,2022-12-24 18:41:34,-13.2,49.05,73.17,94,100,3.87
297,Mnogovershinnyy,RU,2022-12-24 18:41:34,53.9353,139.9242,8.51,94,100,8.08
298,Fairbanks,US,2022-12-24 18:41:35,64.8378,-147.7164,-18.4,76,0,8.05
299,Tambacounda,SN,2022-12-24 18:41:35,13.7539,-13.7586,91.45,17,0,6.91
300,Akureyri,IS,2022-12-24 18:41:36,65.6835,-18.0878,12.13,85,100,3.44
301,Terekli-Mekteb,RU,2022-12-24 18:41:36,44.1671,45.8698,39.18,84,51,6.38
302,Codrington,AU,2022-12-24 18:41:37,-38.2667,141.9667,50.22,87,0,3.6
303,Manali,IN,2022-12-24 18:41:37,13.1667,80.2667,77.09,87,90,17.72
304,Itoman,JP,2022-12-24 18:41:38,26.1247,127.6694,59.02,63,75,24.16
305,Kargil,IN,2022-12-24 18:41:38,34.5667,76.1,4.5,60,0,3.62
306,Dunedin,NZ,2022-12-24 18:41:39,-45.8742,170.5036,57.76,88,100,3.85
307,Mongoumba,CF,2022-12-24 18:41:40,3.6415,18.5936,76.93,31,80,3.06
308,Karakol,KG,2022-12-24 18:41:40,42.4907,78.3936,16.12,59,80,6.35
309,Ntungamo,UG,2022-12-24 18:41:41,-0.8833,29.65,64.74,95,73,2.42
310,Gaurnadi,BD,2022-12-24 18:41:41,22.9667,90.2333,65.16,41,0,2.53
311,Sarakhs,IR,2022-12-24 18:41:41,36.5449,61.1577,47.57,38,100,9.06
312,Chopda,IN,2022-12-24 18:41:42,21.25,75.3,67.41,29,6,4.65
313,Danshui,CN,2022-12-24 18:41:43,22.7984,114.4672,51.96,49,9,3.11
314,Eydhafushi,MV,2022-12-24 18:41:43,5.1033,73.0708,80.49,69,62,9.66
315,Elliot,ZA,2022-12-24 18:41:44,-31.3333,27.85,62.01,81,100,1.81
316,Nantucket,US,2022-12-24 18:40:44,41.2835,-70.0995,26.71,83,100,26.46
317,Shimoda,JP,2022-12-24 18:41:44,34.6667,138.95,41.11,64,49,6.44
318,Praia Da Vitoria,PT,2022-12-24 18:37:31,38.7333,-27.0667,53.85,76,40,26.37
319,Rovaniemi,FI,2022-12-24 18:41:45,66.5,25.7167,9.81,85,20,5.75
320,Geraldton,AU,2022-12-24 18:41:46,-28.7667,114.6,64.81,88,2,6.91
321,Santo Anastacio,BR,2022-12-24 18:41:46,-21.8383,-51.6103,91.76,51,91,2.71
322,La Romana,DO,2022-12-24 18:41:47,18.4273,-68.9728,84.56,58,40,11.5
323,Srostki,RU,2022-12-24 18:42:47,52.4189,85.7022,14.86,96,100,4.21
324,Rjukan,NO,2022-12-24 18:42:47,59.8789,8.5941,20.05,73,100,4.45
325,Khandyga,RU,2022-12-24 18:42:48,62.6667,135.6,-39.12,100,87,1.68
326,Auki,SB,2022-12-24 18:42:49,-8.7676,160.7034,77.2,88,100,4.5
327,Leglise,BE,2022-12-24 18:42:49,49.7999,5.5365,47.39,64,100,6.58
328,Villefranche-De-Rouergue,FR,2022-12-24 18:42:49,44.3333,2.0,53.13,86,5,2.73
329,Rosita,NI,2022-12-24 18:42:50,13.9268,-84.4032,82.13,67,29,5.91
330,Mankono,CI,2022-12-24 18:42:51,8.0586,-6.1897,79.39,23,10,2.93
331,Mildura,AU,2022-12-24 18:42:51,-34.2,142.15,72.41,28,0,7.29
332,Bonthe,SL,2022-12-24 18:42:52,7.5264,-12.505,78.91,62,74,7.85
333,Huangchuan,CN,2022-12-24 18:42:52,32.1272,115.0394,32.14,31,0,7.27
334,Trairi,BR,2022-12-24 18:42:48,-3.2778,-39.2689,81.63,68,76,10.87
335,Singapore,SG,2022-12-24 18:39:02,1.2897,103.8501,78.84,80,75,9.22
336,Kasongo-Lunda,CD,2022-12-24 18:42:53,-6.4667,16.8167,70.57,96,100,1.86
337,Horlivka,UA,2022-12-24 18:42:53,48.347,38.0542,36.36,79,100,4.0
338,Svetlyy,RU,2022-12-24 18:42:54,54.675,20.1347,32.05,89,100,7.0
339,Saint-Pierre,RE,2022-12-24 18:42:55,-21.3393,55.4781,78.48,83,75,4.61
340,Saint-Augustin,CA,2022-12-24 18:42:56,51.226,-58.6502,35.11,88,100,24.81
341,Meulaboh,ID,2022-12-24 18:42:57,4.1363,96.1285,76.96,85,100,5.61
342,Pance,PH,2022-12-24 18:42:57,15.6885,120.6201,66.51,74,79,3.44
343,Upernavik,GL,2022-12-24 18:42:58,72.7868,-56.1549,-3.64,72,24,6.76
344,Quatre Cocos,MU,2022-12-24 18:42:58,-20.2078,57.7625,79.09,80,6,9.8
345,Nadym,RU,2022-12-24 18:42:59,65.5333,72.5167,-3.19,100,97,8.9
346,Tagusao,PH,2022-12-24 18:42:59,9.1924,117.8141,77.72,86,100,3.51
347,Chapais,CA,2022-12-24 18:43:00,49.7834,-74.8492,15.58,92,100,17.65
348,Nalut,LY,2022-12-24 18:43:00,30.3333,10.85,55.8,49,0,7.83
349,Saint-Louis,SN,2022-12-24 18:43:02,16.3333,-15.0,85.64,16,0,8.95
350,Luena,AO,2022-12-24 18:43:02,-11.7833,19.9167,63.37,94,97,3.58
351,Tocopilla,CL,2022-12-24 18:43:02,-22.092,-70.1979,71.85,66,19,7.56
352,Namatanai,PG,2022-12-24 18:43:03,-3.6667,152.4333,79.79,83,90,3.76
353,Ipixuna,BR,2022-12-24 18:43:03,-1.7625,-48.8043,82.54,77,22,3.42
354,Ishigaki,JP,2022-12-24 18:43:04,24.3448,124.1572,57.33,58,75,12.66
355,Nanortalik,GL,2022-12-24 18:43:06,60.1432,-45.2371,17.6,58,3,4.18
356,Kijang,KR,2022-12-24 18:43:06,35.2442,129.2139,26.33,45,0,5.21
357,Inirida,CO,2022-12-24 18:43:07,3.8653,-67.9239,91.04,43,68,4.12
358,Mbaiki,CF,2022-12-24 18:43:08,3.8678,17.9892,73.78,34,99,1.99
359,Kondinskoye,RU,2022-12-24 18:43:08,59.6481,67.41,33.66,98,100,12.28
360,Salinopolis,BR,2022-12-24 18:41:11,-0.6136,-47.3561,80.53,78,88,10.49
361,Lata,PT,2022-12-24 18:43:09,40.1629,-8.3327,61.07,85,100,9.31
362,San Pedro,PH,2022-12-24 18:43:09,14.35,121.0167,76.23,69,100,8.05
363,Rosario,AR,2022-12-24 18:41:45,-32.9468,-60.6393,84.94,31,0,16.11
364,Turayf,SA,2022-12-24 18:43:10,31.6725,38.6637,46.65,87,0,4.61
365,Vestmannaeyjar,IS,2022-12-24 18:43:10,63.4427,-20.2734,31.71,69,100,8.46
366,Marsa Matruh,EG,2022-12-24 18:43:10,31.3525,27.2453,61.0,72,75,8.05
367,Kaffrine,SN,2022-12-24 18:43:11,14.1059,-15.5508,80.98,15,74,6.64
368,Yulara,AU,2022-12-24 18:43:12,-25.2406,130.9889,77.95,62,58,5.88
369,Sevierville,US,2022-12-24 18:44:12,35.8681,-83.5618,22.06,49,0,5.75
370,Saint Andrews,US,2022-12-24 18:44:13,34.0454,-81.1293,27.61,42,40,16.11
371,Kviteseid,NO,2022-12-24 18:44:13,59.4022,8.4927,15.57,90,100,3.27
372,Aleksandrovka,UA,2022-12-24 18:44:14,46.8383,32.7612,43.11,91,100,5.64
373,Cabo Rojo,PR,2022-12-24 18:44:14,18.0866,-67.1457,87.73,68,23,7.0
374,Anito,PH,2022-12-24 18:44:15,12.4497,125.2886,75.11,90,100,16.4
375,Coquimbo,CL,2022-12-24 18:42:18,-29.9533,-71.3436,67.73,63,20,16.11
376,Maldonado,UY,2022-12-24 18:44:15,-34.6667,-54.9167,70.99,78,100,14.85
377,Orlik,RU,2022-12-24 18:44:16,52.5178,99.825,-25.24,96,40,2.19
378,Kurumkan,RU,2022-12-24 18:44:16,54.3,110.3,9.9,97,100,2.13
379,Puerto Escondido,MX,2022-12-24 18:44:17,15.85,-97.0667,85.03,70,0,5.75
380,Guelph,CA,2022-12-24 18:39:32,43.5501,-80.2497,11.62,75,100,27.63
381,Hopelchen,MX,2022-12-24 18:44:17,19.7667,-89.85,76.06,60,100,6.67
382,Melong,CM,2022-12-24 18:44:18,5.1218,9.9614,71.64,79,98,1.32
383,Mountain Home,US,2022-12-24 18:43:43,43.133,-115.6912,22.48,100,100,6.91
384,Asfi,MA,2022-12-24 18:44:18,32.2994,-9.2372,64.87,65,0,7.11
385,Tokmak,UA,2022-12-24 18:44:19,47.2514,35.7058,42.57,90,100,7.63
386,Olafsvik,IS,2022-12-24 18:44:20,64.8945,-23.7142,23.22,69,100,10.76
387,Jinchang,CN,2022-12-24 18:44:20,38.4953,102.1739,18.64,50,100,2.59
388,Anadyr,RU,2022-12-24 18:44:21,64.75,177.4833,9.1,78,0,11.18
389,Svetlaya,RU,2022-12-24 18:44:21,46.5389,138.3297,22.03,74,100,9.24
390,Salvador,SV,2022-12-24 18:44:21,13.8333,-88.9167,84.6,38,8,2.68
391,Beringovskiy,RU,2022-12-24 18:44:22,63.05,179.3167,13.26,75,27,18.37
392,Santo Nino,PH,2022-12-24 18:44:22,6.435,124.6975,73.35,95,100,0.72
393,Portland,US,2022-12-24 18:42:41,45.5234,-122.6762,43.21,92,100,11.5
394,Roros,NO,2022-12-24 18:44:23,62.5747,11.3842,-11.36,84,52,0.0
395,Bima,ID,2022-12-24 18:44:23,-8.4667,118.7167,74.61,95,100,2.33
396,Muzhi,RU,2022-12-24 18:44:24,65.3667,64.6667,4.5,96,100,6.64
397,Ust-Nera,RU,2022-12-24 18:44:24,64.5667,143.2,-17.99,87,2,4.63
398,Longyearbyen,SJ,2022-12-24 18:41:31,78.2186,15.6401,-0.56,71,20,10.36
399,Kavieng,PG,2022-12-24 18:44:25,-2.5744,150.7967,82.06,78,87,8.95
400,Marawi,PH,2022-12-24 18:44:25,7.9986,124.2928,69.66,98,100,1.43
401,Sao Joao Da Barra,BR,2022-12-24 18:44:25,-21.6403,-41.0511,75.29,94,100,12.66
402,Mori,JP,2022-12-24 18:44:26,34.8333,137.9333,38.44,78,1,9.44
403,Cururupu,BR,2022-12-24 18:44:26,-1.8283,-44.8683,79.72,83,99,6.08
404,Chor,PK,2022-12-24 18:44:27,25.5167,69.7667,60.91,19,9,7.34
405,Farmington,US,2022-12-24 18:39:40,36.7281,-108.2187,47.21,51,0,4.61
406,Bayeux,BR,2022-12-24 18:44:27,-7.125,-34.9322,86.63,62,75,13.8
407,Collie,AU,2022-12-24 18:44:28,-33.3667,116.15,57.33,98,48,5.14
408,Mackenzie,CA,2022-12-24 18:40:11,55.2999,-123.1698,1.62,78,100,3.44
409,Coihaique,CL,2022-12-24 18:44:29,-45.5752,-72.0662,75.15,46,0,8.05
410,Hasaki,JP,2022-12-24 18:44:30,35.7333,140.8333,30.6,55,0,9.91
411,Maicao,CO,2022-12-24 18:44:31,11.3832,-72.2432,83.86,53,2,17.22
412,Banda Aceh,ID,2022-12-24 18:40:09,5.5577,95.3222,77.31,85,18,10.96
413,Xinmin,CN,2022-12-24 18:44:31,41.9908,122.8253,8.98,70,1,6.31
414,Lorengau,PG,2022-12-24 18:44:32,-2.0226,147.2712,81.32,80,90,6.62
415,Cap-Aux-Meules,CA,2022-12-24 18:44:32,47.3821,-61.8597,39.25,70,20,13.8
416,Yumen,CN,2022-12-24 18:45:33,40.2833,97.2,9.32,76,1,8.21
417,Omboue,GA,2022-12-24 18:45:33,-1.5746,9.2618,78.73,81,96,5.82
418,Souillac,MU,2022-12-24 18:45:33,-20.5167,57.5167,79.18,78,40,8.05
419,Inzer,RU,2022-12-24 18:45:34,54.2167,57.5556,9.18,92,89,4.61
420,Pahrump,US,2022-12-24 18:45:34,36.2083,-115.9839,66.31,37,0,1.99
421,Fairmont,US,2022-12-24 18:45:35,39.4851,-80.1426,10.38,74,100,5.01
422,Lashio,MM,2022-12-24 18:45:35,22.9333,97.75,53.29,92,0,1.14
423,Kalanguy,RU,2022-12-24 18:45:36,51.0167,116.5167,-13.49,82,94,3.15
424,Bandarbeyla,SO,2022-12-24 18:45:36,9.4942,50.8122,77.16,74,19,12.59
425,San Jose,US,2022-12-24 18:42:00,37.3394,-121.895,62.85,76,20,4.61
426,Krasnoselkup,RU,2022-12-24 18:45:37,65.7,82.4667,1.85,96,100,10.09
427,Gorontalo,ID,2022-12-24 18:45:37,0.5412,123.0595,76.71,87,100,1.32
428,Quang Ngai,VN,2022-12-24 18:45:37,15.1167,108.8,65.44,85,93,3.74
429,Baykit,RU,2022-12-24 18:45:38,61.67,96.37,-7.24,100,100,2.26
430,Blythe,US,2022-12-24 18:45:39,33.6103,-114.5964,63.03,33,0,3.44
431,Mecca,SA,2022-12-24 18:45:39,21.4267,39.8261,68.09,51,78,7.36
432,Noumea,NC,2022-12-24 18:45:40,-22.2763,166.4572,80.01,99,11,4.0
433,Rawson,AR,2022-12-24 18:44:02,-43.3002,-65.1023,69.49,33,0,14.12
434,Saint-Joseph,RE,2022-12-24 18:45:40,-21.3667,55.6167,77.38,83,62,3.2
435,Carballo,ES,2022-12-24 18:45:40,43.213,-8.691,55.09,93,100,0.74
436,Gunjur,GM,2022-12-24 18:45:41,13.2019,-16.7339,89.67,27,0,3.44
437,Narsaq,GL,2022-12-24 18:45:41,60.9167,-46.05,7.02,66,0,7.29
438,Kumluca,TR,2022-12-24 18:45:42,36.3703,30.2869,57.09,76,8,5.37
439,Buritis,BR,2022-12-24 18:45:43,-15.6178,-46.4233,78.69,76,99,5.82
440,Mumbwa,ZM,2022-12-24 18:45:43,-14.9783,27.0619,65.08,91,100,4.52
441,Valparaiso,CL,2022-12-24 18:45:43,-33.0393,-71.6273,79.03,41,0,13.8
442,Mugur-Aksy,RU,2022-12-24 18:45:44,50.35,90.5,0.25,93,100,2.48
443,Sterling,US,2022-12-24 18:45:44,39.0062,-77.4286,20.34,44,40,10.36
444,Aklavik,CA,2022-12-24 18:45:45,68.2191,-135.0107,-40.0,74,0,2.3
445,Igarka,RU,2022-12-24 18:45:45,67.4667,86.5833,-3.59,94,100,13.89
446,Port Hawkesbury,CA,2022-12-24 18:45:46,45.6169,-61.3485,41.92,73,75,23.02
447,Tecoanapa,MX,2022-12-24 18:45:46,16.5167,-98.75,83.05,57,18,8.61
448,Canandaigua,US,2022-12-24 18:45:46,42.8742,-77.288,15.66,67,98,14.0
449,Pangnirtung,CA,2022-12-24 18:45:47,66.1451,-65.7125,1.4,66,20,0.0
450,Doha,QA,2022-12-24 18:45:47,25.2867,51.5333,71.58,75,0,19.57
451,Ndele,CF,2022-12-24 18:45:48,8.4109,20.6473,76.06,28,72,4.47
452,Northam,GB,2022-12-24 18:45:48,51.0333,-4.2167,51.62,90,34,17.6
453,Cabo San Lucas,MX,2022-12-24 18:45:49,22.8909,-109.9124,80.51,37,0,5.97
454,San Giustino,IT,2022-12-24 18:45:49,43.5495,12.1736,55.27,75,100,2.66
455,Nichinan,JP,2022-12-24 18:45:50,31.6,131.3667,38.17,64,3,5.53
456,Bartica,GY,2022-12-24 18:45:50,6.4,-58.6167,84.52,56,52,6.44
457,Caxito,AO,2022-12-24 18:45:50,-8.5785,13.6643,75.96,78,49,3.87
458,Conceicao Do Mato Dentro,BR,2022-12-24 18:45:51,-19.0372,-43.425,72.0,90,95,4.41
459,Tarko-Sale,RU,2022-12-24 18:45:51,64.9225,77.785,1.24,99,91,7.83
460,Atherton,GB,2022-12-24 18:44:16,53.5237,-2.4935,49.28,92,100,4.0
461,Iracoubo,GF,2022-12-24 18:45:52,5.4802,-53.2011,77.81,86,45,10.04
462,Plettenberg Bay,ZA,2022-12-24 18:46:52,-34.0527,23.3716,63.91,85,100,12.57
463,Manokwari,ID,2022-12-24 18:46:53,-0.8667,134.0833,78.55,82,88,3.04
464,Ulagan,RU,2022-12-24 18:46:53,50.6321,87.9563,6.96,97,100,0.31
465,Takoradi,GH,2022-12-24 18:46:54,4.8845,-1.7554,79.83,74,93,6.51
466,Wicklow,IE,2022-12-24 18:46:54,53.0,-6.4167,42.04,90,99,14.23
467,Flin Flon,CA,2022-12-24 18:46:55,54.7682,-101.865,-18.56,69,20,3.44
468,Jinka,ET,2022-12-24 18:46:55,5.65,36.65,70.23,60,97,2.33
469,Kieta,PG,2022-12-24 18:46:55,-6.2167,155.6333,79.36,86,100,2.8
470,Alice Springs,AU,2022-12-24 18:46:56,-23.7,133.8833,71.15,100,100,5.75
471,Sangre Grande,TT,2022-12-24 18:46:56,10.5835,-61.1177,85.96,68,5,11.07
472,Novoagansk,RU,2022-12-24 18:46:57,61.9449,76.6625,13.86,97,100,5.95
473,Mareeba,AU,2022-12-24 18:46:57,-17.0,145.4333,73.44,94,100,2.01
474,Arawa,PG,2022-12-24 18:46:57,-6.2132,155.5367,77.34,93,100,0.67
475,Ketchikan,US,2022-12-24 18:46:58,55.3422,-131.6461,39.18,93,100,4.61
476,Huilong,CN,2022-12-24 18:46:58,31.8111,121.655,33.93,71,84,14.88
477,Kupang,ID,2022-12-24 18:46:59,-10.1667,123.5833,77.43,93,100,13.53
478,Shimoni,KE,2022-12-24 18:46:59,-4.6476,39.3817,79.27,85,100,10.98
479,Hukuntsi,BW,2022-12-24 18:47:00,-24.0,21.75,83.61,18,11,7.02
480,Vilaka,LV,2022-12-24 18:47:00,57.1846,27.6722,19.87,95,7,4.43
481,Yuncheng,CN,2022-12-24 18:47:00,35.0231,110.9928,30.72,38,100,3.53
482,Hamilton,US,2022-12-24 18:47:01,39.1834,-84.5333,12.2,74,100,19.57
483,Fillan,NO,2022-12-24 18:47:01,63.6064,8.9696,29.64,79,72,10.74
484,Fort-Shevchenko,KZ,2022-12-24 18:47:01,44.5086,50.263,36.07,52,65,13.73
485,Marapanim,BR,2022-12-24 18:47:02,-0.7175,-47.6997,78.75,89,100,5.28
486,Labrea,BR,2022-12-24 18:47:02,-7.2586,-64.7981,86.09,73,99,3.91
487,Dzilam Gonzalez,MX,2022-12-24 18:47:03,21.2833,-88.9333,70.68,78,100,9.82
488,Kaeo,NZ,2022-12-24 18:47:03,-35.1,173.7833,62.33,95,100,3.36
489,Abrau-Dyurso,RU,2022-12-24 18:47:04,44.69,37.59,44.06,85,100,6.33
490,Mbanza-Ngungu,CD,2022-12-24 18:47:04,-5.25,14.8667,67.96,95,100,2.44
491,Broken Hill,AU,2022-12-24 18:47:05,-31.95,141.4333,75.94,51,0,6.4
492,Ponta Delgada,PT,2022-12-24 18:47:05,37.7333,-25.6667,56.12,67,40,19.57
493,Orchard Homes,US,2022-12-24 18:47:06,46.8633,-114.0484,37.06,100,100,3.13
494,La Palma,US,2022-12-24 18:47:06,33.8464,-118.0467,79.66,58,0,3.44
495,Gravdal,NO,2022-12-24 18:47:06,68.1214,13.5031,35.17,70,100,18.3
496,Petauke,ZM,2022-12-24 18:47:07,-14.2426,31.3253,64.18,96,93,1.92
497,Maningrida,AU,2022-12-24 18:47:07,-12.0667,134.2667,81.19,79,100,6.62
498,Grindavik,IS,2022-12-24 18:47:08,63.8424,-22.4338,22.95,93,75,20.71
499,Arlit,NE,2022-12-24 18:47:09,18.7369,7.3853,64.92,27,9,7.36
500,Nurlat,RU,2022-12-24 18:47:09,54.4277,50.8051,24.49,79,100,14.79
501,Oranjemund,NA,2022-12-24 18:47:09,-28.55,16.4333,64.8,84,7,15.05
502,San Rafael,AR,2022-12-24 18:47:10,-34.6177,-68.3301,70.75,31,100,12.01
503,Skibbereen,IE,2022-12-24 18:47:11,51.55,-9.2667,51.12,86,95,18.77
504,Sangar,RU,2022-12-24 18:47:11,63.9242,127.4739,-24.12,99,100,3.94
505,Gouyave,GD,2022-12-24 18:47:11,12.1646,-61.7296,79.57,69,40,18.41
506,Sillamae,EE,2022-12-24 18:47:12,59.3997,27.7547,28.78,83,47,12.82
507,Berbera,SO,2022-12-24 18:47:12,10.4396,45.0143,77.0,76,3,5.79
508,Peniche,PT,2022-12-24 18:48:13,39.3558,-9.3811,63.28,84,100,23.02
509,Sioux Lookout,CA,2022-12-24 18:48:13,50.1001,-91.917,-0.33,71,100,23.02
510,Cabra,ES,2022-12-24 18:48:14,37.4725,-4.4421,55.2,73,0,2.19
511,Bathsheba,BB,2022-12-24 18:48:14,13.2167,-59.5167,83.01,69,40,24.16
512,Ahipara,NZ,2022-12-24 18:48:15,-35.1667,173.1667,64.09,78,100,5.5
513,Goodlettsville,US,2022-12-24 18:48:15,36.3231,-86.7133,23.0,58,100,11.61
514,Ixtapa,MX,2022-12-24 18:48:15,20.7,-105.2,87.15,25,2,6.71
515,Neiafu,TO,2022-12-24 18:48:16,-18.65,-173.9833,79.48,83,20,9.22
516,Leopold,AU,2022-12-24 18:48:17,-38.1833,144.4667,54.97,92,1,0.0
517,Deer Lake,CA,2022-12-24 18:45:28,49.1667,-57.4316,35.46,100,100,11.5
518,Sao Raimundo Das Mangabeiras,BR,2022-12-24 18:48:17,-7.0219,-45.4811,82.27,70,93,3.62
519,Richards Bay,ZA,2022-12-24 18:48:17,-28.783,32.0377,75.34,77,69,12.41
520,Fuerte Olimpo,PY,2022-12-24 18:48:18,-21.0415,-57.8738,78.4,70,85,8.75
521,Hasanabad,IR,2022-12-24 18:48:18,36.5465,61.0543,47.91,39,100,9.1
522,Oussouye,SN,2022-12-24 18:48:19,12.485,-16.5469,86.18,46,100,7.63
523,Sur,OM,2022-12-24 18:48:19,22.5667,59.5289,71.83,53,2,7.56
524,Belmonte,BR,2022-12-24 18:48:19,-15.8631,-38.8828,78.01,81,100,3.76
525,Qaqortoq,GL,2022-12-24 18:48:20,60.7167,-46.0333,4.98,66,0,6.24
526,Ondjiva,AO,2022-12-24 18:48:20,-17.0667,15.7333,78.93,44,94,2.3
527,Zovaber,AM,2022-12-24 18:48:21,40.5669,44.7883,27.5,82,7,2.42
528,Changji,CN,2022-12-24 18:48:21,44.0167,87.3167,5.79,92,75,2.24
529,Urdoma,RU,2022-12-24 18:48:22,61.7533,48.5442,32.92,98,100,9.06
530,Maragogi,BR,2022-12-24 18:48:22,-9.0122,-35.2225,81.54,69,8,14.43
531,Ryotsu,JP,2022-12-24 18:48:23,38.0833,138.4333,41.05,71,96,18.39
532,Ola,RU,2022-12-24 18:48:23,59.5833,151.2833,8.24,80,3,11.86
533,Ous,RU,2022-12-24 18:48:24,60.9058,61.5186,33.67,96,100,8.52
534,Sola,VU,2022-12-24 18:48:24,-13.8833,167.55,81.73,68,78,4.83
535,Buala,SB,2022-12-24 18:48:24,-8.145,159.5921,79.32,83,100,4.16
536,Riachao Das Neves,BR,2022-12-24 18:48:25,-11.7461,-44.91,72.54,96,100,2.71
537,Kloulklubed,PW,2022-12-24 18:48:26,7.0419,134.2556,77.5,80,56,7.27
538,Huarmey,PE,2022-12-24 18:48:26,-10.0681,-78.1522,74.12,74,32,11.21
539,Edson,CA,2022-12-24 18:45:34,53.5835,-116.4356,-7.46,84,0,4.61
540,Talara,PE,2022-12-24 18:48:27,-4.5772,-81.2719,84.96,51,0,17.27
541,Kilindoni,TZ,2022-12-24 18:48:27,-7.9139,39.6668,80.96,79,22,10.22
542,Arman,RU,2022-12-24 18:48:27,59.7,150.1667,9.97,76,4,11.97
543,Winnemucca,US,2022-12-24 18:48:28,40.973,-117.7357,38.46,82,100,0.29
544,Mokhsogollokh,RU,2022-12-24 18:48:29,61.4681,128.9203,-13.94,93,100,6.38
545,Lufilufi,WS,2022-12-24 18:48:29,-13.8745,-171.5986,76.78,76,36,16.87
546,Constantine,DZ,2022-12-24 18:48:29,36.365,6.6147,60.21,55,0,2.3
547,Paciran,ID,2022-12-24 18:48:30,-6.8767,112.3761,78.89,81,100,13.04
548,Kailua,US,2022-12-24 18:48:31,21.4022,-157.7394,76.98,82,69,5.01
549,Along,IN,2022-12-24 18:48:31,28.1667,94.7667,52.03,91,24,2.06
550,Ust-Maya,RU,2022-12-24 18:48:31,60.4167,134.5333,-22.97,100,100,1.57
551,Verkhnyaya Inta,RU,2022-12-24 18:48:32,65.9811,60.3094,24.58,92,100,10.85
552,Rock Springs,US,2022-12-24 18:48:32,41.5875,-109.2029,35.24,79,16,8.99
553,Abashiri,JP,2022-12-24 18:48:33,44.0213,144.2697,32.29,97,100,28.12
554,Waycross,US,2022-12-24 18:49:33,31.2136,-82.354,32.23,29,0,10.36
555,Tura,IN,2022-12-24 18:49:33,25.5198,90.2201,58.93,77,1,2.93
556,Olinda,BR,2022-12-24 18:49:34,-8.0089,-34.8553,83.93,70,75,10.36
557,Santiago Del Estero,AR,2022-12-24 18:49:34,-27.7951,-64.2615,83.86,39,100,11.36
558,La Ronge,CA,2022-12-24 18:49:35,55.1001,-105.2842,-9.15,70,75,5.75
559,Qeshm,IR,2022-12-24 18:49:35,26.9581,56.2719,69.69,64,100,3.49
560,Tazovskiy,RU,2022-12-24 18:49:36,67.4667,78.7,-0.36,97,91,9.93
561,Mandalgovi,MN,2022-12-24 18:49:36,45.7625,106.2708,10.49,95,100,7.31
562,Qandala,SO,2022-12-24 18:49:37,11.472,49.8728,76.51,80,12,2.33
563,Naze,JP,2022-12-24 18:49:37,28.3667,129.4833,49.12,67,99,20.83
564,Patuli,IN,2022-12-24 18:49:37,23.55,88.25,64.36,44,4,4.9
565,Aix-Les-Bains,FR,2022-12-24 18:49:38,45.6834,5.9224,53.08,95,0,2.3
566,Saint Anthony,US,2022-12-24 18:49:38,45.0205,-93.218,6.24,66,0,18.41
567,Kilosa,TZ,2022-12-24 18:49:39,-6.8333,36.9833,72.18,93,100,1.28
568,Nuevo Casas Grandes,MX,2022-12-24 18:49:39,30.4167,-107.9167,43.75,29,0,1.99
569,Sumedang,ID,2022-12-24 18:49:40,-6.8592,107.9207,71.64,89,100,3.15
570,Lethem,GY,2022-12-24 18:49:40,3.3803,-59.7968,90.0,34,73,12.28
571,Grand Gaube,MU,2022-12-24 18:49:40,-20.0064,57.6608,79.38,73,2,5.99
572,Yarada,IN,2022-12-24 18:49:41,17.65,83.2667,70.12,100,10,2.3
573,Daytona Beach,US,2022-12-24 18:48:41,29.2108,-81.0228,46.17,41,40,11.5
574,Mamallapuram,IN,2022-12-24 18:46:35,12.6264,80.1722,77.05,87,100,18.66
575,Porosozero,RU,2022-12-24 18:49:42,62.7191,32.727,14.92,93,17,8.08
576,Gazli,UZ,2022-12-24 18:49:42,40.1333,63.45,30.33,58,33,11.68
577,Los Llanos De Aridane,ES,2022-12-24 18:49:42,28.6585,-17.9182,65.12,80,0,6.91
578,Dhidhdhoo,MV,2022-12-24 18:49:43,6.8833,73.1,80.85,71,23,8.48
579,Jian,CN,2022-12-24 18:49:43,27.1172,114.9793,41.65,48,0,3.11
580,Sept-Iles,CA,2022-12-24 18:49:44,50.2001,-66.3821,27.12,80,75,9.22
581,Qazvin,IR,2022-12-24 18:49:44,36.2797,50.0049,34.41,99,100,5.37
582,Bacolod,PH,2022-12-24 18:49:44,10.6667,122.95,76.68,84,98,19.17
583,Trinidad,BO,2022-12-24 18:49:45,-14.8333,-64.9,91.38,62,40,13.8
584,Illela,NG,2022-12-24 18:49:46,13.7292,5.2975,69.53,23,81,10.16
585,Yantal,RU,2022-12-24 18:49:46,56.8471,105.2542,-19.41,100,93,2.82
586,Zabol,AF,2022-12-24 18:49:46,32.25,67.25,35.06,43,83,0.78
587,Talnakh,RU,2022-12-24 18:49:47,69.4865,88.3972,-12.8,99,55,6.73
588,Robore,BO,2022-12-24 18:49:47,-18.3333,-59.75,77.63,79,100,4.61
589,Plonsk,PL,2022-12-24 18:49:48,52.6235,20.3755,37.62,91,99,4.85
590,Fiche,ET,2022-12-24 18:49:48,9.8,38.7333,56.32,61,100,4.36
591,Saint Cloud,US,2022-12-24 18:48:18,45.5608,-94.1625,4.06,68,0,21.85
592,Abbotsford,CA,2022-12-24 18:45:27,49.058,-122.2526,51.69,98,100,6.91
593,Riverton,US,2022-12-24 18:46:41,40.5219,-111.9391,39.18,84,66,3.0
594,Tongliao,CN,2022-12-24 18:49:49,43.6125,122.2653,2.93,72,0,6.35
595,Severo-Yeniseyskiy,RU,2022-12-24 18:49:50,60.3725,93.0408,-0.85,96,100,4.61
596,Mosquera,CO,2022-12-24 18:49:50,4.7059,-74.2302,71.69,28,20,4.61
597,Makinsk,KZ,2022-12-24 18:49:50,52.6292,70.4169,13.6,90,32,9.42
598,Bukachacha,RU,2022-12-24 18:50:51,52.9833,116.9167,-10.55,90,60,4.05
599,Peace River,CA,2022-12-24 18:50:26,56.2501,-117.286,-10.89,77,100,11.5
600,Kamariotissa,GR,2022-12-24 18:50:51,40.4833,25.4667,55.87,60,100,3.38
601,Maceio,BR,2022-12-24 18:50:25,-9.6658,-35.7353,87.24,62,40,13.8
602,Jizan,SA,2022-12-24 18:50:52,17.3333,42.6667,81.54,70,3,6.02
603,Robat Karim,IR,2022-12-24 18:50:52,35.4846,51.0829,37.26,93,100,6.91
604,Male,MV,2022-12-24 18:50:13,4.1748,73.5089,80.55,78,75,6.91
605,Lodja,CD,2022-12-24 18:50:53,-3.4833,23.4333,70.05,89,37,1.03
606,Esterhazy,CA,2022-12-24 18:50:51,50.65,-102.0843,-8.55,79,56,1.1
607,Tromso,NO,2022-12-24 18:50:54,69.6496,18.957,30.38,86,75,13.8
608,Cikupa,ID,2022-12-24 18:50:54,-6.2364,106.5083,81.36,84,81,9.04
609,Franca,BR,2022-12-24 18:50:55,-20.5386,-47.4008,78.04,55,25,7.9
610,Canutama,BR,2022-12-24 18:50:55,-6.5339,-64.3831,82.44,79,100,3.96
611,Sitka,US,2022-12-24 18:50:55,57.0531,-135.33,39.09,65,100,9.22
612,Andenes,NO,2022-12-24 18:50:56,69.3143,16.1194,35.58,75,75,13.8
613,Monrovia,LR,2022-12-24 18:50:56,6.3005,-10.7969,83.97,74,5,9.35
614,Emerald,AU,2022-12-24 18:50:57,-23.5333,148.1667,64.35,93,100,5.32
615,Bilibino,RU,2022-12-24 18:50:57,68.0546,166.4372,1.06,71,0,4.36
616,Bandiagara,ML,2022-12-24 18:50:57,14.3501,-3.6104,70.95,17,100,9.37
617,Mana,GF,2022-12-24 18:50:58,5.6592,-53.7767,77.83,87,79,9.6
618,San Andres,CO,2022-12-24 18:50:58,12.5847,-81.7006,86.02,66,20,14.97
619,Russell,US,2022-12-24 18:50:59,32.3502,-85.1999,27.68,42,0,14.97
620,Ilhabela,BR,2022-12-24 18:50:59,-23.7781,-45.3581,74.07,84,76,12.48
621,Haines Junction,CA,2022-12-24 18:51:00,60.7522,-137.5108,-16.65,69,100,0.0
622,Prince Rupert,CA,2022-12-24 18:51:00,54.3161,-130.3201,41.09,85,100,32.21
623,Marsh Harbour,BS,2022-12-24 18:51:00,26.5412,-77.0636,67.73,64,100,16.6
624,Chany,RU,2022-12-24 18:51:01,55.3121,76.7647,20.14,96,100,9.24
625,Srivardhan,IN,2022-12-24 18:51:01,18.0333,73.0167,69.53,60,26,5.57
626,Ussel,FR,2022-12-24 18:51:02,45.55,2.3167,45.27,94,14,3.11
627,Tchollire,CM,2022-12-24 18:51:02,8.4022,14.1698,70.63,30,28,3.27
628,Porto Novo,BJ,2022-12-24 18:51:02,6.4965,2.6036,82.22,47,99,5.7
629,Baryshivka,UA,2022-12-24 18:51:03,50.361,31.3217,40.68,81,100,2.77
630,Sayyan,YE,2022-12-24 18:51:03,15.1718,44.3244,57.02,64,46,2.21
631,Ngaoundere,CM,2022-12-24 18:51:04,7.3167,13.5833,66.56,33,6,4.81
632,Monterey,US,2022-12-24 18:51:05,36.2505,-121.2516,56.17,62,6,2.35
633,Hualmay,PE,2022-12-24 18:51:05,-11.0964,-77.6139,74.05,72,21,10.96
634,Rapid Valley,US,2022-12-24 18:51:05,44.0625,-103.1463,12.6,63,100,9.22
635,Havre-Saint-Pierre,CA,2022-12-24 18:51:06,50.2334,-63.5986,35.96,64,0,14.97
636,Aginskoye,RU,2022-12-24 18:51:06,51.1,114.53,-11.18,92,100,1.32
637,Kalmunai,LK,2022-12-24 18:51:07,7.4167,81.8167,75.6,91,100,13.51
638,Ko Samui,TH,2022-12-24 18:51:07,9.5357,99.9357,79.29,64,81,14.29
639,Altayskoye,RU,2022-12-24 18:51:08,51.9533,85.3325,14.02,92,100,3.53
640,Ravar,IR,2022-12-24 18:51:08,31.2656,56.8055,49.75,60,6,5.32
641,Verkhnevilyuysk,RU,2022-12-24 18:51:09,63.4453,120.3167,-27.36,98,8,4.38
642,Lastoursville,GA,2022-12-24 18:51:09,-0.8143,12.7287,77.99,77,100,2.66
643,Iranshahr,IR,2022-12-24 18:52:09,27.2025,60.6848,57.54,21,0,6.91
644,Port Keats,AU,2022-12-24 18:52:10,-14.25,129.55,81.1,86,100,10.29
645,Yanam,IN,2022-12-24 18:52:10,16.7333,82.2167,73.85,77,56,6.55
646,Innisfail,AU,2022-12-24 18:52:11,-17.5333,146.0333,76.89,93,100,3.02
647,Vadso,NO,2022-12-24 18:52:11,70.0744,29.7487,21.36,86,75,11.5
648,Meadow Lake,US,2022-12-24 18:52:11,34.8014,-106.5436,50.43,39,0,11.41
649,Jiuquan,CN,2022-12-24 18:52:12,39.7432,98.5174,10.85,82,2,2.93
650,Boudry,CH,2022-12-24 18:52:12,46.9499,6.8376,52.21,100,100,2.3
651,Chaozhou,CN,2022-12-24 18:52:13,23.6651,116.6379,46.26,62,2,3.85
652,Maroantsetra,MG,2022-12-24 18:52:13,-15.4333,49.7333,76.69,90,100,2.77
653,Nishihara,JP,2022-12-24 18:52:13,26.1842,127.7558,58.28,58,75,25.32
654,Marzuq,YE,2022-12-24 18:52:14,14.4,46.4667,65.28,85,54,5.17
655,Strezhevoy,RU,2022-12-24 18:52:14,60.7333,77.5889,24.06,96,100,6.53
656,Envira,BR,2022-12-24 18:52:15,-7.3,-70.2167,87.69,60,55,6.64
657,North Bend,US,2022-12-24 18:52:15,43.4065,-124.2243,61.07,92,100,9.22
658,Mahajanga,MG,2022-12-24 18:52:15,-15.7167,46.3167,82.42,69,20,9.22
659,Kysyl-Syr,RU,2022-12-24 18:52:16,63.8986,122.7617,-29.67,100,76,4.38
660,Sampit,ID,2022-12-24 18:52:16,-2.5333,112.95,72.45,91,100,2.04
661,Marinette,US,2022-12-24 18:49:05,45.1,-87.6307,18.09,53,0,23.71
662,Amahai,ID,2022-12-24 18:52:17,-3.3333,128.9167,79.93,82,100,3.56
663,Horasan,TR,2022-12-24 18:52:17,40.0458,42.1728,28.72,65,0,0.34
664,Aswan,EG,2022-12-24 18:52:18,24.0934,32.907,65.5,42,0,0.0
665,Korla,CN,2022-12-24 18:52:18,41.7597,86.1469,19.38,56,48,3.18
666,Komsomolskiy,UZ,2022-12-24 18:52:19,40.4272,71.7189,29.12,86,75,4.61
667,Balotra,IN,2022-12-24 18:52:19,25.8333,72.2333,58.57,20,84,9.06
668,Langsa,ID,2022-12-24 18:52:20,4.4683,97.9683,72.75,91,42,2.51
669,Veraval,IN,2022-12-24 18:52:20,20.9,70.3667,66.2,37,0,11.01
670,Ruteng,ID,2022-12-24 18:52:20,-8.6136,120.4721,61.27,95,100,2.35
671,Santa Maria,BR,2022-12-24 18:52:21,-29.6842,-53.8069,92.5,31,40,5.75
672,Isabela,PH,2022-12-24 18:52:21,6.7085,121.9711,73.45,89,100,8.43
673,Harpanahalli,IN,2022-12-24 18:52:22,14.8,75.9833,66.85,57,95,7.34
674,Ozernovskiy,RU,2022-12-24 18:52:22,51.5,156.5167,35.31,90,100,31.34
675,Limbazi,LV,2022-12-24 18:52:22,57.5129,24.7194,27.03,94,24,2.53
676,Nieuw Amsterdam,SR,2022-12-24 18:52:23,5.8833,-55.0833,86.16,69,40,6.91
677,Baherden,TM,2022-12-24 18:52:23,38.4362,57.4316,44.38,64,99,2.91
678,Carahue,CL,2022-12-24 18:52:24,-38.7,-73.1667,81.73,21,1,10.94
679,Salamanca,ES,2022-12-24 18:50:43,40.8333,-6.0,50.99,83,97,15.77
680,Orumiyeh,IR,2022-12-24 18:52:24,37.5527,45.0761,35.15,93,40,2.3
681,The Valley,AI,2022-12-24 18:52:25,18.217,-63.0578,84.06,69,20,17.27
682,Stornoway,GB,2022-12-24 18:52:25,58.2093,-6.3865,48.16,85,75,23.02
683,Port Macquarie,AU,2022-12-24 18:47:33,-31.4333,152.9167,62.89,89,1,3.53
684,Kargasok,RU,2022-12-24 18:52:26,59.0556,80.8572,15.73,96,100,7.52
685,Sayanogorsk,RU,2022-12-24 18:52:26,53.0875,91.3997,10.76,89,100,2.21
