City_ID,City,Country,Date,Lat,Lng,Max Temp,Humidity,Cloudiness,Wind Speed,Current Description
0,Castro,BR,2022-12-25 00:31:33,-24.7911,-50.0119,60.85,98,89,9.17,overcast clouds
1,Mar Del Plata,AR,2022-12-25 00:27:57,-38.0023,-57.5575,62.1,70,0,14.0,light rain
2,Turukhansk,RU,2022-12-25 00:31:33,65.8167,87.9833,0.43,93,100,11.01,overcast clouds
3,Mandali,IQ,2022-12-25 00:31:34,33.7499,45.5541,51.67,87,75,5.46,light rain
4,Punta Arenas,CL,2022-12-25 00:30:01,-53.15,-70.9167,53.71,54,20,27.63,few clouds
5,Busselton,AU,2022-12-25 00:31:35,-33.65,115.3333,72.21,55,19,5.97,few clouds
6,Nikolskoye,RU,2022-12-25 00:31:35,59.7035,30.7861,28.8,92,26,6.87,scattered clouds
7,Hermanus,ZA,2022-12-25 00:31:35,-34.4187,19.2345,58.8,72,72,9.24,light rain
8,Provideniya,RU,2022-12-25 00:31:36,64.3833,-173.3,12.38,83,9,13.56,clear sky
9,Roanoke Rapids,US,2022-12-25 00:31:37,36.4615,-77.6542,25.68,68,0,10.49,clear sky
10,Bredasdorp,ZA,2022-12-25 00:31:37,-34.5322,20.0403,59.94,66,44,6.42,scattered clouds
11,Podor,MR,2022-12-25 00:31:38,16.6527,-14.9587,68.4,19,0,10.51,clear sky
12,Mataura,NZ,2022-12-25 00:31:38,-46.1927,168.8643,72.07,45,55,6.71,broken clouds
13,Sanandaj,IR,2022-12-25 00:31:39,35.3144,46.9923,37.42,87,100,0.0,mist
14,Moram,IN,2022-12-25 00:31:39,17.8,76.4667,62.92,57,6,6.96,clear sky
15,Port Elizabeth,ZA,2022-12-25 00:31:40,-33.918,25.5701,64.69,83,0,12.66,light rain
16,Ushuaia,AR,2022-12-25 00:31:40,-54.8,-68.3,49.66,71,40,27.63,scattered clouds
17,Garmsar,IR,2022-12-25 00:31:41,35.2182,52.3409,39.87,87,49,7.63,scattered clouds
18,Pisco,PE,2022-12-25 00:31:41,-13.7,-76.2167,69.85,83,0,8.05,clear sky
19,Bluff,NZ,2022-12-25 00:31:42,-46.6,168.3333,63.34,70,16,8.57,few clouds
20,Shetpe,KZ,2022-12-25 00:31:43,44.1667,52.1167,30.72,48,100,7.23,overcast clouds
21,Thompson,CA,2022-12-25 00:26:43,55.7435,-97.8558,-11.04,70,0,6.91,clear sky
22,Aspindza,GE,2022-12-25 00:31:43,41.5739,43.2483,30.74,68,1,4.0,clear sky
23,Arraial Do Cabo,BR,2022-12-25 00:28:25,-22.9661,-42.0278,73.4,88,53,12.97,broken clouds
24,Hami,CN,2022-12-25 00:31:44,42.8,93.45,16.27,62,12,6.55,few clouds
25,Jamestown,US,2022-12-25 00:31:13,42.097,-79.2353,8.19,62,100,20.71,overcast clouds
26,Sao Filipe,CV,2022-12-25 00:31:45,14.8961,-24.4956,72.86,60,65,13.69,broken clouds
27,Manzhouli,CN,2022-12-25 00:31:45,49.6,117.4333,-17.55,79,7,0.92,clear sky
28,Shima,CN,2022-12-25 00:31:46,24.4478,117.8111,51.82,59,1,1.14,clear sky
29,Kathu,TH,2022-12-25 00:31:46,7.9178,98.3332,73.22,74,98,16.55,overcast clouds
30,Hithadhoo,MV,2022-12-25 00:31:47,-0.6,73.0833,81.37,73,26,21.18,scattered clouds
31,Sohag,EG,2022-12-25 00:31:47,26.557,31.6948,50.29,56,5,5.26,clear sky
32,Vanimo,PG,2022-12-25 00:31:48,-2.6741,141.3028,86.41,65,91,5.21,overcast clouds
33,Auki,SB,2022-12-25 00:31:48,-8.7676,160.7034,84.25,72,93,2.73,overcast clouds
34,Balabagan,PH,2022-12-25 00:31:49,7.5264,124.1142,81.28,83,100,2.71,overcast clouds
35,Vaini,TO,2022-12-25 00:31:50,-21.2,-175.2,87.96,70,40,8.05,light rain
36,Zambezi,ZM,2022-12-25 00:31:50,-13.5432,23.1047,64.62,98,100,4.09,light rain
37,Saint George,US,2022-12-25 00:30:31,37.1041,-113.5841,55.99,39,0,0.0,clear sky
38,Nishihara,JP,2022-12-25 00:31:51,26.1842,127.7558,58.66,66,75,25.32,broken clouds
39,Dikson,RU,2022-12-25 00:31:51,73.5069,80.5464,-19.35,92,8,5.5,clear sky
40,Hobart,AU,2022-12-25 00:31:36,-42.8794,147.3294,75.06,50,40,12.66,scattered clouds
41,San Quintin,MX,2022-12-25 00:31:52,30.4833,-115.95,61.36,73,0,7.81,clear sky
42,Cape Town,ZA,2022-12-25 00:31:07,-33.9258,18.4232,63.1,78,75,8.01,broken clouds
43,Grindavik,IS,2022-12-25 00:31:53,63.8424,-22.4338,21.15,79,75,11.5,broken clouds
44,Port Lincoln,AU,2022-12-25 00:31:53,-34.7333,135.8667,73.38,48,0,3.47,clear sky
45,Vranov,CZ,2022-12-25 00:31:54,48.8947,15.8127,44.47,91,93,6.53,overcast clouds
46,Chokurdakh,RU,2022-12-25 00:32:55,70.6333,147.9167,-26.27,97,6,2.08,clear sky
47,Sebinkarahisar,TR,2022-12-25 00:32:55,40.2883,38.4236,30.42,75,7,1.88,clear sky
48,Grand-Lahou,CI,2022-12-25 00:32:56,5.1367,-5.0242,78.84,78,15,0.96,few clouds
49,Kodiak,US,2022-12-25 00:32:57,57.79,-152.4072,35.11,93,100,18.41,light rain
50,Mayo,US,2022-12-25 00:32:57,38.8876,-76.5119,21.31,60,0,3.44,clear sky
51,Albany,US,2022-12-25 00:28:53,42.6001,-73.9662,11.52,62,53,1.01,broken clouds
52,Karasjok,NO,2022-12-25 00:32:57,69.4719,25.5112,9.5,96,99,4.74,overcast clouds
53,Qaanaaq,GL,2022-12-25 00:32:58,77.484,-69.3632,-15.47,77,100,4.45,overcast clouds
54,Khatanga,RU,2022-12-25 00:32:58,71.9667,102.5,-20.34,90,100,6.22,overcast clouds
55,Kloulklubed,PW,2022-12-25 00:32:59,7.0419,134.2556,81.1,74,99,5.79,overcast clouds
56,Pangody,RU,2022-12-25 00:32:24,65.85,74.4859,5.54,96,100,9.84,overcast clouds
57,Poum,NC,2022-12-25 00:33:00,-20.2333,164.0167,81.99,76,100,11.79,overcast clouds
58,Bengkulu,ID,2022-12-25 00:33:01,-3.8004,102.2655,76.01,77,100,3.62,overcast clouds
59,Puerto Ayora,EC,2022-12-25 00:33:01,-0.7393,-90.3518,73.54,93,41,3.0,scattered clouds
60,East London,ZA,2022-12-25 00:33:02,-33.0153,27.9116,64.51,80,100,16.58,light rain
61,Port Blair,IN,2022-12-25 00:33:02,11.6667,92.75,80.64,74,40,9.22,scattered clouds
62,Egvekinot,RU,2022-12-25 00:33:03,66.3167,-179.1667,9.45,74,0,17.11,clear sky
63,Rikitea,PF,2022-12-25 00:33:03,-23.1203,-134.9692,77.31,76,24,10.47,few clouds
64,Le Port,RE,2022-12-25 00:33:04,-20.9373,55.2919,78.8,71,13,4.85,few clouds
65,Nantucket,US,2022-12-25 00:33:04,41.2835,-70.0995,22.14,78,100,35.52,light snow
66,Klaksvik,FO,2022-12-25 00:33:05,62.2266,-6.589,34.72,97,100,33.67,snow
67,Pevek,RU,2022-12-25 00:33:05,69.7008,170.3133,-5.8,91,6,4.09,clear sky
68,Ferrol,ES,2022-12-25 00:29:26,43.4832,-8.2369,53.28,95,100,12.84,overcast clouds
69,Whitehorse,CA,2022-12-25 00:32:16,60.7161,-135.0538,-15.7,68,100,5.75,light snow
70,Yellowknife,CA,2022-12-25 00:33:06,62.456,-114.3525,-21.44,76,100,11.5,light snow
71,Nouadhibou,MR,2022-12-25 00:33:07,20.931,-17.0347,67.98,42,0,12.66,clear sky
72,Sorland,NO,2022-12-25 00:33:08,67.667,12.6934,35.46,55,75,15.93,broken clouds
73,Kapaa,US,2022-12-25 00:33:08,22.0752,-159.319,83.48,62,0,14.97,clear sky
74,Coihaique,CL,2022-12-25 00:33:09,-45.5752,-72.0662,69.75,52,0,2.3,clear sky
75,Aykhal,RU,2022-12-25 00:33:09,66.0,111.5,-27.35,99,36,7.2,scattered clouds
76,Kaitangata,NZ,2022-12-25 00:33:09,-46.2817,169.8464,68.79,57,27,4.05,scattered clouds
77,Turner,US,2022-12-25 00:33:10,44.2565,-70.2562,17.49,64,9,11.01,clear sky
78,Makakilo City,US,2022-12-25 00:33:10,21.3469,-158.0858,80.92,71,20,11.5,few clouds
79,Barrow,US,2022-12-25 00:33:11,71.2906,-156.7887,-5.78,84,0,11.5,clear sky
80,Lompoc,US,2022-12-25 00:33:11,34.6391,-120.4579,72.01,52,0,5.75,clear sky
81,Maningrida,AU,2022-12-25 00:33:12,-12.0667,134.2667,86.68,69,100,11.83,overcast clouds
82,Mahebourg,MU,2022-12-25 00:33:12,-20.4081,57.7,77.29,88,75,10.36,broken clouds
83,Malibu,US,2022-12-25 00:33:13,34.005,-118.8101,77.36,57,3,4.29,clear sky
84,Padang,ID,2022-12-25 00:33:13,-0.9492,100.3543,71.65,61,85,3.18,overcast clouds
85,Birin,NP,2022-12-25 00:33:14,26.8865,88.0718,43.95,71,0,5.14,clear sky
86,Prainha,BR,2022-12-25 00:33:14,-1.8,-53.48,79.43,72,100,3.02,overcast clouds
87,Tuktoyaktuk,CA,2022-12-25 00:33:15,69.4541,-133.0374,-34.6,74,0,4.61,clear sky
88,Los Algarrobos,PA,2022-12-25 00:33:15,8.5,-82.4333,79.21,78,20,4.61,few clouds
89,Tabas,IR,2022-12-25 00:33:16,33.5959,56.9244,41.22,75,6,4.61,clear sky
90,Torgau,DE,2022-12-25 00:33:16,51.5667,13.0,45.5,93,92,6.4,overcast clouds
91,Skibbereen,IE,2022-12-25 00:33:17,51.55,-9.2667,52.11,88,93,19.89,overcast clouds
92,Mae Hong Son,TH,2022-12-25 00:34:17,19.3003,97.9685,64.54,94,40,2.3,mist
93,Tasiilaq,GL,2022-12-25 00:34:18,65.6145,-37.6368,8.76,55,0,9.1,clear sky
94,Oksfjord,NO,2022-12-25 00:34:18,70.2396,22.3479,24.98,87,98,5.01,overcast clouds
95,Goderich,CA,2022-12-25 00:30:05,43.7501,-81.7165,20.91,79,100,31.07,light snow
96,Ponta Do Sol,PT,2022-12-25 00:34:19,32.6667,-17.1,65.71,87,95,10.69,overcast clouds
97,Sur,OM,2022-12-25 00:34:19,22.5667,59.5289,70.2,56,1,6.4,clear sky
98,Oktyabrskoye,RU,2022-12-25 00:34:20,43.0645,44.7417,19.54,79,0,2.24,clear sky
99,New Norfolk,AU,2022-12-25 00:34:20,-42.7826,147.0587,74.71,46,87,1.99,overcast clouds
100,Hambantota,LK,2022-12-25 00:34:21,6.1241,81.1185,77.34,100,40,3.44,scattered clouds
101,Clyde River,CA,2022-12-25 00:34:21,70.4692,-68.5914,-12.77,77,75,2.3,broken clouds
102,Dudinka,RU,2022-12-25 00:32:18,69.4058,86.1778,-12.39,92,96,7.96,overcast clouds
103,Atuona,PF,2022-12-25 00:34:22,-9.8,-139.0333,78.44,76,88,15.77,overcast clouds
104,Cayenne,GF,2022-12-25 00:34:22,4.9333,-52.3333,73.44,94,75,2.3,broken clouds
105,Port Shepstone,ZA,2022-12-25 00:34:23,-30.7414,30.455,72.21,90,100,18.41,moderate rain
106,Narsaq,GL,2022-12-25 00:34:23,60.9167,-46.05,5.22,64,0,8.46,clear sky
107,Kirkwall,GB,2022-12-25 00:31:15,58.9848,-2.9587,45.97,89,100,23.33,overcast clouds
108,Butaritari,KI,2022-12-25 00:34:24,3.0707,172.7902,80.98,78,0,17.11,clear sky
109,Beroroha,MG,2022-12-25 00:34:24,-21.6667,45.1667,71.6,75,0,1.41,clear sky
110,Nadym,RU,2022-12-25 00:34:25,65.5333,72.5167,16.63,96,100,12.12,overcast clouds
111,Hilo,US,2022-12-25 00:32:56,19.7297,-155.09,87.28,73,40,9.22,scattered clouds
112,Mbekenyera,TZ,2022-12-25 00:34:26,-10.0,38.9833,69.76,97,97,3.02,light rain
113,Ahipara,NZ,2022-12-25 00:34:26,-35.1667,173.1667,70.09,58,100,7.85,overcast clouds
114,Grand Forks,US,2022-12-25 00:30:26,47.9417,-97.4337,-5.87,59,0,14.97,clear sky
115,Komsomolskiy,UZ,2022-12-25 00:34:27,40.4272,71.7189,27.32,93,75,4.61,fog
116,Porto Velho,BR,2022-12-25 00:32:47,-8.7619,-63.9039,77.05,94,40,3.44,scattered clouds
117,Jalu,LY,2022-12-25 00:34:27,29.0331,21.5482,56.77,87,0,8.93,clear sky
118,Ancud,CL,2022-12-25 00:34:28,-41.8697,-73.8203,57.52,79,9,4.03,clear sky
119,Bataipora,BR,2022-12-25 00:34:29,-22.2953,-53.2711,76.01,60,98,3.18,light rain
120,Torbay,CA,2022-12-25 00:34:30,47.6666,-52.7314,44.28,97,100,21.85,light intensity drizzle
121,Tagusao,PH,2022-12-25 00:34:30,9.1924,117.8141,75.52,92,100,1.68,overcast clouds
122,Saint-Philippe,RE,2022-12-25 00:34:30,-21.3585,55.7679,78.39,79,6,7.45,clear sky
123,Ribeira Grande,PT,2022-12-25 00:34:31,38.5167,-28.7,54.77,65,41,8.99,light rain
124,Caiaponia,BR,2022-12-25 00:34:31,-16.9567,-51.8103,68.52,91,20,2.66,few clouds
125,Tuatapere,NZ,2022-12-25 00:34:32,-46.1333,167.6833,71.31,52,12,3.76,few clouds
126,Khilok,RU,2022-12-25 00:34:32,51.3674,110.4676,4.32,97,100,2.08,light snow
127,Iringa,TZ,2022-12-25 00:34:33,-7.7667,35.7,60.4,86,100,1.39,overcast clouds
128,Bonavista,CA,2022-12-25 00:34:33,48.6499,-53.1147,37.29,98,100,21.79,overcast clouds
129,Dunedin,NZ,2022-12-25 00:32:10,-45.8742,170.5036,67.93,62,64,7.67,broken clouds
130,Yulara,AU,2022-12-25 00:34:34,-25.2406,130.9889,88.61,35,100,15.32,overcast clouds
131,Varhaug,NO,2022-12-25 00:34:34,58.6147,5.6457,36.95,77,100,29.75,overcast clouds
132,Bonthe,SL,2022-12-25 00:34:35,7.5264,-12.505,76.89,75,3,4.63,clear sky
133,Avarua,CK,2022-12-25 00:34:35,-21.2078,-159.775,82.45,74,40,12.66,scattered clouds
134,Matagami,CA,2022-12-25 00:34:35,49.7502,-77.6328,14.11,85,100,20.71,light snow
135,Quatre Cocos,MU,2022-12-25 00:34:36,-20.2078,57.7625,77.11,78,32,12.59,light rain
136,Tigil,RU,2022-12-25 00:34:36,57.8,158.6667,24.31,81,100,9.48,overcast clouds
137,Lensk,RU,2022-12-25 00:34:37,60.7253,114.9278,-25.15,100,87,3.09,overcast clouds
138,Evensk,RU,2022-12-25 00:34:37,61.95,159.2333,24.69,59,100,14.83,light snow
139,Constitucion,CL,2022-12-25 00:34:38,-35.3333,-72.4167,58.41,79,0,1.61,clear sky
140,La Asuncion,VE,2022-12-25 00:35:38,11.0333,-63.8628,78.53,83,0,12.66,clear sky
141,Polonnaruwa,LK,2022-12-25 00:35:39,7.9333,81.0,73.49,96,100,6.89,moderate rain
142,Katsuura,JP,2022-12-25 00:35:39,35.1333,140.3,49.84,47,5,11.56,clear sky
143,Pangnirtung,CA,2022-12-25 00:35:40,66.1451,-65.7125,-1.95,71,6,5.75,clear sky
144,Kaeo,NZ,2022-12-25 00:35:40,-35.1,173.7833,75.33,66,100,6.29,overcast clouds
145,Cidreira,BR,2022-12-25 00:35:41,-30.1811,-50.2056,71.56,85,50,20.24,scattered clouds
146,Kushima,JP,2022-12-25 00:35:41,31.4583,131.2333,47.97,64,3,8.7,clear sky
147,Lasa,IT,2022-12-25 00:35:42,46.6166,10.7002,43.68,79,22,2.51,few clouds
148,Borgarnes,IS,2022-12-25 00:32:07,64.5383,-21.9206,21.25,97,87,6.71,overcast clouds
149,Avera,US,2022-12-25 00:35:42,33.194,-82.5271,26.38,38,13,12.64,few clouds
150,Saskylakh,RU,2022-12-25 00:35:43,71.9167,114.0833,-24.38,99,46,7.0,scattered clouds
151,La Orilla,MX,2022-12-25 00:35:43,17.9833,-102.2333,76.44,80,36,6.13,scattered clouds
152,Belmonte,BR,2022-12-25 00:35:44,-15.8631,-38.8828,74.55,88,100,3.71,overcast clouds
153,Mattru,SL,2022-12-25 00:35:44,7.6244,-11.8332,71.6,81,1,1.68,clear sky
154,Georgetown,MY,2022-12-25 00:35:45,5.4112,100.3354,78.73,78,20,8.05,few clouds
155,Alofi,NU,2022-12-25 00:35:45,-19.0595,-169.9187,84.09,65,4,16.11,clear sky
156,Half Moon Bay,US,2022-12-25 00:35:46,37.4636,-122.4286,62.19,70,40,0.0,haze
157,San Cristobal,VE,2022-12-25 00:35:46,7.7669,-72.225,71.78,77,0,1.61,clear sky
158,Sistranda,NO,2022-12-25 00:35:46,63.7256,8.834,28.36,68,95,8.61,overcast clouds
159,Matara,LK,2022-12-25 00:35:47,5.9485,80.5353,75.52,87,100,10.25,overcast clouds
160,Souillac,MU,2022-12-25 00:35:47,-20.5167,57.5167,77.38,88,75,10.36,broken clouds
161,Qui Nhon,VN,2022-12-25 00:35:48,13.7667,109.2333,71.38,74,100,18.01,overcast clouds
162,Vila Velha,BR,2022-12-25 00:35:48,-20.3297,-40.2925,67.95,96,100,4.61,light rain
163,Biak,ID,2022-12-25 00:35:49,-0.9131,122.8766,81.7,73,100,1.25,overcast clouds
164,Waitati,NZ,2022-12-25 00:35:49,-45.75,170.5667,70.95,56,99,7.14,overcast clouds
165,San Rafael,AR,2022-12-25 00:35:50,-34.6177,-68.3301,68.95,26,100,8.46,overcast clouds
166,Salalah,OM,2022-12-25 00:35:50,17.0151,54.0924,75.29,78,40,2.3,scattered clouds
167,Victoria,HK,2022-12-25 00:30:54,22.2855,114.1577,60.24,60,6,5.99,clear sky
168,Ranot,TH,2022-12-25 00:35:51,7.7777,100.3213,78.24,72,100,11.48,overcast clouds
169,Airai,TL,2022-12-25 00:35:51,-8.9266,125.4092,64.6,92,100,2.82,overcast clouds
170,Port Alfred,ZA,2022-12-25 00:35:52,-33.5906,26.891,65.17,81,100,8.01,light rain
171,Severo-Kurilsk,RU,2022-12-25 00:35:52,50.6789,156.125,34.36,98,100,32.75,snow
172,Mae Chan,TH,2022-12-25 00:35:52,20.1467,99.8526,67.23,93,83,0.76,broken clouds
173,Capitao Poco,BR,2022-12-25 00:35:53,-1.7464,-47.0594,72.9,96,100,4.0,overcast clouds
174,Saint-Raymond,CA,2022-12-25 00:35:54,45.467,-73.6095,18.91,66,100,32.21,overcast clouds
175,Lebu,CL,2022-12-25 00:35:54,-37.6167,-73.65,61.48,69,4,23.22,clear sky
176,Kirakira,SB,2022-12-25 00:35:55,-10.4544,161.9205,85.71,69,42,10.25,scattered clouds
177,Port Augusta,AU,2022-12-25 00:35:55,-32.5,137.7667,88.56,30,0,1.68,clear sky
178,Meulaboh,ID,2022-12-25 00:35:56,4.1363,96.1285,75.27,91,100,6.26,overcast clouds
179,Sangmelima,CM,2022-12-25 00:35:56,2.9333,11.9833,71.69,81,100,1.63,overcast clouds
180,Geraldton,AU,2022-12-25 00:31:27,-28.7667,114.6,73.81,73,0,14.97,clear sky
181,Kavieng,PG,2022-12-25 00:35:57,-2.5744,150.7967,85.48,71,16,8.32,few clouds
182,Yinchuan,CN,2022-12-25 00:35:57,38.4681,106.2731,23.43,45,100,3.98,overcast clouds
183,Rundu,NA,2022-12-25 00:35:58,-17.9333,19.7667,68.4,61,12,4.94,few clouds
184,Kieta,PG,2022-12-25 00:35:58,-6.2167,155.6333,85.73,68,22,5.3,light rain
185,Tolbazy,RU,2022-12-25 00:35:59,54.0241,55.8825,14.36,79,10,12.8,clear sky
186,Novikovo,RU,2022-12-25 00:36:59,51.1537,37.8879,39.54,97,100,4.68,overcast clouds
187,Honiara,SB,2022-12-25 00:36:59,-9.4333,159.95,85.3,71,97,5.23,light rain
188,Gobabis,NA,2022-12-25 00:37:00,-22.45,18.9667,73.35,47,54,5.59,broken clouds
189,Katherine,AU,2022-12-25 00:37:00,-14.4667,132.2667,86.32,70,40,12.66,scattered clouds
190,Bethel,US,2022-12-25 00:37:01,41.3712,-73.414,13.77,59,0,6.91,clear sky
191,Emerald,AU,2022-12-25 00:36:30,-23.5333,148.1667,81.5,46,99,9.15,overcast clouds
192,Phalaborwa,ZA,2022-12-25 00:37:01,-23.943,31.1411,76.28,47,100,2.75,overcast clouds
193,Husavik,IS,2022-12-25 00:37:02,66.0449,-17.3389,15.19,75,100,4.88,overcast clouds
194,Carnarvon,AU,2022-12-25 00:37:02,-24.8667,113.6333,82.22,57,0,13.27,clear sky
195,Namibe,AO,2022-12-25 00:37:03,-15.1961,12.1522,70.02,81,100,6.06,overcast clouds
196,Anadyr,RU,2022-12-25 00:37:03,64.75,177.4833,9.1,78,0,17.9,clear sky
197,Ascension,US,2022-12-25 00:37:04,30.2169,-90.9001,34.05,43,0,6.91,clear sky
198,Pacific Grove,US,2022-12-25 00:37:04,36.6177,-121.9166,66.31,70,0,3.44,clear sky
199,Gulmarg,IN,2022-12-25 00:37:05,34.049,74.3921,20.21,38,57,2.57,broken clouds
200,Ilulissat,GL,2022-12-25 00:37:05,69.2167,-51.1,3.22,27,18,4.61,few clouds
201,Batticaloa,LK,2022-12-25 00:37:06,7.7102,81.6924,75.78,91,100,12.97,very heavy rain
202,Puerto Escondido,MX,2022-12-25 00:37:06,15.85,-97.0667,81.43,65,40,3.44,scattered clouds
203,Savelugu,GH,2022-12-25 00:37:06,9.6244,-0.8253,71.64,19,78,6.51,broken clouds
204,Muskegon Heights,US,2022-12-25 00:37:07,43.2011,-86.239,17.87,88,100,27.0,light snow
205,Saint-Augustin,CA,2022-12-25 00:37:07,51.226,-58.6502,27.93,91,84,5.12,broken clouds
206,Caravelas,BR,2022-12-25 00:37:08,-17.7125,-39.2481,71.44,91,100,6.02,light rain
207,Pemangkat,ID,2022-12-25 00:37:08,1.1667,108.9667,80.13,79,100,10.83,overcast clouds
208,Trairi,BR,2022-12-25 00:36:11,-3.2778,-39.2689,77.47,82,24,7.27,few clouds
209,Nanlong,CN,2022-12-25 00:37:09,31.3533,106.0631,45.34,80,100,13.51,overcast clouds
210,Batsfjord,NO,2022-12-25 00:37:11,70.6345,29.7185,31.93,68,100,5.75,overcast clouds
211,Luba,GQ,2022-12-25 00:37:12,3.4568,8.5547,79.83,75,17,1.59,light rain
212,Sitka,US,2022-12-25 00:37:12,57.0531,-135.33,39.09,70,100,11.5,light rain
213,Healdsburg,US,2022-12-25 00:36:16,38.6105,-122.8692,63.72,77,0,3.44,clear sky
214,Richards Bay,ZA,2022-12-25 00:37:13,-28.783,32.0377,71.55,92,100,9.31,overcast clouds
215,Codrington,AU,2022-12-25 00:37:14,-38.2667,141.9667,73.06,43,0,8.21,clear sky
216,Bowral,AU,2022-12-25 00:37:14,-34.4667,150.4167,73.13,26,0,2.37,clear sky
217,Mokhsogollokh,RU,2022-12-25 00:37:15,61.4681,128.9203,-12.6,92,100,7.16,overcast clouds
218,Komsomolskoye,RU,2022-12-25 00:37:15,55.2567,47.5461,33.37,98,100,13.44,light snow
219,Hato Mayor,DO,2022-12-25 00:37:16,18.7629,-69.256,69.67,93,0,3.6,clear sky
220,Arrecife,ES,2022-12-25 00:37:16,28.963,-13.5477,60.78,63,0,1.14,clear sky
221,Los Llanos De Aridane,ES,2022-12-25 00:37:16,28.6585,-17.9182,60.55,52,0,5.75,clear sky
222,La Ronge,CA,2022-12-25 00:37:17,55.1001,-105.2842,-0.15,71,75,8.05,broken clouds
223,Kencong,ID,2022-12-25 00:37:17,-8.2833,113.3667,74.91,92,100,1.54,overcast clouds
224,Saint Anthony,US,2022-12-25 00:37:18,45.0205,-93.218,3.25,70,0,17.27,clear sky
225,Nueva Loja,EC,2022-12-25 00:37:19,0.0847,-76.8828,74.75,68,99,0.94,overcast clouds
226,Muskogee,US,2022-12-25 00:37:19,35.5834,-95.3336,25.02,46,0,3.44,clear sky
227,Kandrian,PG,2022-12-25 00:37:20,-6.2167,149.55,86.4,68,66,5.77,broken clouds
228,Lima,PE,2022-12-25 00:35:00,-12.0432,-77.0282,70.9,79,0,12.66,clear sky
229,Varniai,LT,2022-12-25 00:38:20,55.7406,22.3644,27.84,84,100,4.94,overcast clouds
230,Kaniama,CD,2022-12-25 00:38:21,-7.5667,24.1833,65.39,97,100,0.67,overcast clouds
231,Caucaia,BR,2022-12-25 00:34:43,-3.7361,-38.6531,82.31,78,75,8.05,broken clouds
232,Chapayeve,UA,2022-12-25 00:38:21,49.3662,35.8749,40.44,96,100,3.2,overcast clouds
233,Altay,CN,2022-12-25 00:38:22,47.8667,88.1167,-2.74,59,6,6.8,clear sky
234,Lorengau,PG,2022-12-25 00:38:23,-2.0226,147.2712,84.38,75,95,4.94,overcast clouds
235,Pathein,MM,2022-12-25 00:38:23,16.7833,94.7333,72.93,79,98,0.96,overcast clouds
236,Szendro,HU,2022-12-25 00:38:24,48.4,20.7333,31.19,90,4,2.82,clear sky
237,Sao Joao Da Barra,BR,2022-12-25 00:38:24,-21.6403,-41.0511,73.49,83,100,19.53,overcast clouds
238,Bahia Honda,CU,2022-12-25 00:38:25,22.9036,-83.1592,65.48,80,100,15.82,light rain
239,Ouallam,NE,2022-12-25 00:38:26,14.3188,2.0866,63.48,25,98,11.1,overcast clouds
240,Pahrump,US,2022-12-25 00:34:34,36.2083,-115.9839,68.05,30,13,1.99,few clouds
241,Kongolo,CD,2022-12-25 00:38:26,-5.3833,27.0,67.87,93,94,1.45,overcast clouds
242,Polunochnoye,RU,2022-12-25 00:38:27,60.8697,60.4153,29.03,95,99,5.64,overcast clouds
243,Dire,ML,2022-12-25 00:38:27,12.2833,-10.9667,70.07,26,99,0.63,overcast clouds
244,Coquimbo,CL,2022-12-25 00:38:28,-29.9533,-71.3436,62.33,82,100,8.05,overcast clouds
245,Inegol,TR,2022-12-25 00:38:28,40.0781,29.5133,36.68,72,100,2.73,light rain
246,Rio Hato,PA,2022-12-25 00:38:29,8.3833,-80.1667,82.78,84,5,14.58,clear sky
247,Esperance,AU,2022-12-25 00:38:29,-33.8667,121.9,70.34,69,6,10.45,clear sky
248,Kabinda,CD,2022-12-25 00:38:30,-6.1333,24.4833,64.4,95,24,0.72,few clouds
249,Camacha,PT,2022-12-25 00:38:30,33.0833,-16.3333,62.02,82,75,8.05,broken clouds
250,Tocopilla,CL,2022-12-25 00:33:51,-22.092,-70.1979,68.86,71,0,4.83,clear sky
251,Samarai,PG,2022-12-25 00:38:31,-10.6167,150.6667,86.13,70,96,13.44,overcast clouds
252,Brumadinho,BR,2022-12-25 00:38:31,-20.1433,-44.1997,70.32,96,53,3.6,broken clouds
253,Kahului,US,2022-12-25 00:38:32,20.8947,-156.47,82.85,67,20,19.57,few clouds
254,Leningradskiy,RU,2022-12-25 00:38:32,69.3833,178.4167,0.84,80,7,4.43,clear sky
255,Bandar,ID,2022-12-25 00:38:33,2.05,99.75,74.05,94,100,0.67,light rain
256,Kautokeino,NO,2022-12-25 00:38:33,69.0125,23.0412,8.08,95,90,3.69,overcast clouds
257,Sao Jose Da Coroa Grande,BR,2022-12-25 00:38:34,-8.8978,-35.1478,78.12,80,11,8.86,few clouds
258,Kutum,SD,2022-12-25 00:38:34,14.2,24.6667,53.53,42,97,10.69,overcast clouds
259,Nara,JP,2022-12-25 00:38:35,34.6851,135.8049,44.91,69,75,9.98,broken clouds
260,Tailai,CN,2022-12-25 00:38:35,46.3833,123.4,5.2,67,0,5.82,clear sky
261,Tual,ID,2022-12-25 00:38:36,-5.6667,132.75,83.97,76,98,16.69,light rain
262,Port Hardy,CA,2022-12-25 00:38:37,50.6996,-127.4199,42.98,100,75,12.66,broken clouds
263,Kununurra,AU,2022-12-25 00:34:29,-15.7667,128.7333,84.18,84,97,6.91,overcast clouds
264,Awjilah,LY,2022-12-25 00:38:37,29.1081,21.2869,56.79,88,0,9.06,clear sky
265,La Paz,BO,2022-12-25 00:38:11,-16.5,-68.15,58.98,44,20,10.36,few clouds
266,San Patricio,US,2022-12-25 00:38:38,28.017,-97.5169,39.83,32,0,6.02,clear sky
267,Adrar,MR,2022-12-25 00:38:38,20.5022,-10.0711,57.27,24,0,10.29,clear sky
268,Baneh,IR,2022-12-25 00:38:39,35.9975,45.8853,34.9,100,100,1.63,snow
269,Sinnamary,GF,2022-12-25 00:38:39,5.3833,-52.95,75.56,90,92,11.45,overcast clouds
270,Montepuez,MZ,2022-12-25 00:38:40,-13.1256,38.9997,68.97,98,100,3.27,overcast clouds
271,Dingle,PH,2022-12-25 00:38:40,10.9995,122.6711,74.66,86,100,16.02,overcast clouds
272,Valparaiso,CL,2022-12-25 00:38:41,-33.0393,-71.6273,58.64,77,0,8.05,clear sky
273,Sambava,MG,2022-12-25 00:39:41,-14.2667,50.1667,73.08,91,92,5.41,light rain
274,Alice Springs,AU,2022-12-25 00:39:42,-23.7,133.8833,78.35,73,100,9.22,overcast clouds
275,Almaznyy,RU,2022-12-25 00:39:42,48.0448,40.045,31.84,95,18,4.72,few clouds
276,Sampit,ID,2022-12-25 00:39:43,-2.5333,112.95,81.61,71,80,3.02,broken clouds
277,Tiksi,RU,2022-12-25 00:39:43,71.6872,128.8694,-4.76,89,100,6.8,overcast clouds
278,Chenzhou,CN,2022-12-25 00:39:44,25.8,113.0333,51.13,46,0,0.94,clear sky
279,Nyakahanga,TZ,2022-12-25 00:39:44,-1.6033,31.1414,56.79,95,89,2.24,overcast clouds
280,Spring Valley,US,2022-12-25 00:39:45,36.108,-115.245,64.35,27,75,0.0,broken clouds
281,Usinsk,RU,2022-12-25 00:39:45,65.9939,57.5281,30.61,97,100,14.54,light snow
282,Agadez,NE,2022-12-25 00:39:46,19.75,10.25,54.54,35,31,10.6,scattered clouds
283,Jacobina,BR,2022-12-25 00:39:46,-11.1806,-40.5183,68.56,98,97,2.77,overcast clouds
284,Muzhi,RU,2022-12-25 00:39:47,65.3667,64.6667,-1.3,99,78,3.13,broken clouds
285,Tragana,GR,2022-12-25 00:39:47,38.6167,23.1167,52.3,74,11,3.74,few clouds
286,Mirnyy,RU,2022-12-25 00:39:48,62.5353,113.9611,-26.77,67,22,4.0,few clouds
287,Kruisfontein,ZA,2022-12-25 00:39:48,-34.0033,24.7314,61.88,83,100,13.09,light rain
288,Talnakh,RU,2022-12-25 00:39:49,69.4865,88.3972,-12.8,97,89,7.31,overcast clouds
289,Chuy,UY,2022-12-25 00:39:49,-33.6971,-53.4616,65.73,92,100,8.03,overcast clouds
290,Kenai,US,2022-12-25 00:35:20,60.5544,-151.2583,5.05,61,0,13.8,clear sky
291,La Peca,PE,2022-12-25 00:39:50,-5.6111,-78.435,72.34,75,74,3.8,broken clouds
292,Shimoda,JP,2022-12-25 00:39:51,34.6667,138.95,52.16,55,26,5.93,scattered clouds
293,Rafraf,TN,2022-12-25 00:39:51,37.1904,10.1837,61.11,68,3,11.56,clear sky
294,Lawton,US,2022-12-25 00:39:51,34.6087,-98.3903,30.11,33,0,8.05,clear sky
295,Emmett,US,2022-12-25 00:38:13,43.8735,-116.4993,31.96,84,100,2.15,light snow
296,Aktau,KZ,2022-12-25 00:39:52,43.65,51.2,30.78,50,100,9.62,overcast clouds
297,Koslan,RU,2022-12-25 00:39:52,63.4564,48.8989,24.89,88,97,9.48,overcast clouds
298,Guerrero Negro,MX,2022-12-25 00:39:53,27.9769,-114.0611,66.31,51,0,8.28,clear sky
299,Vestmannaeyjar,IS,2022-12-25 00:39:53,63.4427,-20.2734,25.43,84,100,11.72,snow
300,Hamilton,US,2022-12-25 00:39:54,39.1834,-84.5333,15.64,75,40,13.8,scattered clouds
301,Okha,RU,2022-12-25 00:39:54,53.5739,142.9478,30.18,94,100,15.88,light snow
302,Luderitz,NA,2022-12-25 00:39:54,-26.6481,15.1594,63.81,69,62,18.84,broken clouds
303,Iqaluit,CA,2022-12-25 00:39:55,63.7506,-68.5145,-4.27,65,75,2.3,broken clouds
304,Puerto Colombia,CO,2022-12-25 00:39:55,10.9878,-74.9547,78.89,75,0,27.85,clear sky
305,Corralillo,CU,2022-12-25 00:39:56,22.9819,-80.5856,64.98,74,100,12.59,overcast clouds
306,Hasaki,JP,2022-12-25 00:39:56,35.7333,140.8333,45.0,45,0,16.31,clear sky
307,Usvyaty,RU,2022-12-25 00:39:57,55.7456,30.7533,9.7,98,78,1.81,broken clouds
308,Shieli,KZ,2022-12-25 00:39:58,44.1667,66.75,27.32,54,0,12.71,clear sky
309,Cortez,US,2022-12-25 00:39:58,37.3489,-108.5859,43.56,45,0,14.97,clear sky
310,Cabo San Lucas,MX,2022-12-25 00:35:13,22.8909,-109.9124,75.51,53,0,5.75,clear sky
311,Lagoa,PT,2022-12-25 00:39:59,39.05,-27.9833,55.99,58,47,25.34,scattered clouds
312,Santa Helena De Goias,BR,2022-12-25 00:39:59,-17.8136,-50.5969,74.7,70,72,0.51,broken clouds
313,Orange Walk,BZ,2022-12-25 00:40:00,17.8333,-88.8333,69.66,92,89,4.59,overcast clouds
314,Marsaxlokk,MT,2022-12-25 00:40:00,35.8419,14.5431,62.08,94,75,3.44,broken clouds
315,College,US,2022-12-25 00:40:00,64.8569,-147.8028,-13.02,63,20,11.5,few clouds
316,Longyearbyen,SJ,2022-12-25 00:40:01,78.2186,15.6401,1.24,71,40,16.11,scattered clouds
317,Bani,DO,2022-12-25 00:40:02,18.2833,-70.3333,73.63,80,0,8.48,clear sky
318,Quevedo,EC,2022-12-25 00:40:02,-1.0333,-79.45,77.94,78,100,5.35,light rain
319,Langsa,ID,2022-12-25 00:40:02,4.4683,97.9683,75.83,85,100,2.06,overcast clouds
320,Muttupet,IN,2022-12-25 00:40:03,10.4,79.4833,76.17,83,100,17.13,overcast clouds
321,Hofn,IS,2022-12-25 00:41:03,64.2539,-15.2082,22.23,72,99,16.93,overcast clouds
322,Doha,QA,2022-12-25 00:37:03,25.2867,51.5333,69.78,62,0,21.85,clear sky
323,Harindanga,IN,2022-12-25 00:41:04,22.0383,88.3214,65.32,66,6,1.14,clear sky
324,Harper,LR,2022-12-25 00:41:04,4.375,-7.7169,77.97,82,10,3.74,moderate rain
325,Hohoe,GH,2022-12-25 00:41:05,7.1518,0.4736,73.51,33,76,3.33,broken clouds
326,Bahia De Caraquez,EC,2022-12-25 00:41:05,-0.6,-80.4167,77.18,82,100,10.04,overcast clouds
327,Sassandra,CI,2022-12-25 00:41:06,4.95,-6.0833,77.92,82,93,1.63,overcast clouds
328,Najran,SA,2022-12-25 00:41:06,17.4924,44.1277,61.45,71,0,1.3,clear sky
329,Barcelona,ES,2022-12-25 00:38:29,41.3888,2.159,62.85,68,0,6.91,clear sky
330,Watertown,US,2022-12-25 00:41:07,42.3709,-71.1828,16.07,56,4,8.99,clear sky
331,Aksarka,RU,2022-12-25 00:41:07,66.5606,67.7975,11.91,96,100,2.95,light snow
332,Machaneng,BW,2022-12-25 00:41:08,-23.1862,27.4886,73.87,29,99,5.17,overcast clouds
333,Bereznehuvate,UA,2022-12-25 00:41:08,47.3078,32.8499,42.85,93,100,3.31,overcast clouds
334,Port Macquarie,AU,2022-12-25 00:37:35,-31.4333,152.9167,81.9,64,12,8.12,few clouds
335,Blagoyevo,RU,2022-12-25 00:41:09,63.3667,47.9167,19.47,92,7,6.49,clear sky
336,Aklavik,CA,2022-12-25 00:41:09,68.2191,-135.0107,-40.0,74,0,4.61,clear sky
337,Kologriv,RU,2022-12-25 00:41:10,58.8275,44.3178,29.98,90,100,7.52,overcast clouds
338,Portales,US,2022-12-25 00:37:49,34.1862,-103.3344,36.59,33,0,3.62,clear sky
339,Isangel,VU,2022-12-25 00:37:47,-19.55,169.2667,89.71,58,40,6.91,scattered clouds
340,Portobelo,PA,2022-12-25 00:41:11,9.55,-79.65,80.04,83,52,15.61,broken clouds
341,Zapolyarnyy,RU,2022-12-25 00:41:11,69.4154,30.8136,13.28,97,77,4.29,broken clouds
342,Poya,NC,2022-12-25 00:41:12,-21.35,165.15,85.69,66,100,5.28,overcast clouds
343,Villa Altagracia,DO,2022-12-25 00:41:12,18.673,-70.171,68.72,89,0,1.59,clear sky
344,Plettenberg Bay,ZA,2022-12-25 00:41:13,-34.0527,23.3716,62.01,82,100,11.39,light rain
345,Vao,NC,2022-12-25 00:41:13,-22.6667,167.4833,79.86,78,79,10.31,broken clouds
346,Katangli,RU,2022-12-25 00:41:13,51.7102,143.2326,21.7,90,100,19.44,overcast clouds
347,Linxia,CN,2022-12-25 00:39:12,35.6003,103.2064,20.07,65,100,1.74,overcast clouds
348,Kidal,ML,2022-12-25 00:41:14,18.4411,1.4078,59.9,30,100,12.91,overcast clouds
349,Winfield,US,2022-12-25 00:41:14,37.2398,-96.9956,21.97,56,0,0.0,clear sky
350,Amapa,BR,2022-12-25 00:41:15,1.0,-52.0,71.19,99,28,2.59,scattered clouds
351,Pimentel,PE,2022-12-25 00:41:15,-6.8367,-79.9342,68.92,83,100,11.12,overcast clouds
352,Kamenka,RU,2022-12-25 00:41:16,51.3223,42.7678,32.9,96,100,7.11,overcast clouds
353,Marrakesh,MA,2022-12-25 00:41:16,31.6315,-8.0083,55.47,58,0,1.14,clear sky
354,Vung Tau,VN,2022-12-25 00:41:17,10.346,107.0843,72.95,75,68,10.18,broken clouds
355,Teknaf,BD,2022-12-25 00:41:17,20.8624,92.3058,62.37,75,30,4.43,scattered clouds
356,Bulgan,MN,2022-12-25 00:41:18,48.8125,103.5347,2.39,94,100,4.29,overcast clouds
357,Matadi,CD,2022-12-25 00:41:18,-5.8167,13.45,74.93,96,100,2.33,overcast clouds
358,Kavaratti,IN,2022-12-25 00:41:18,10.5669,72.642,81.55,65,100,13.85,overcast clouds
359,Haines Junction,CA,2022-12-25 00:41:19,60.7522,-137.5108,-13.05,64,100,4.61,light snow
360,Ordu,TR,2022-12-25 00:41:19,40.9086,37.6845,36.1,73,0,5.17,clear sky
361,Cherskiy,RU,2022-12-25 00:41:15,68.75,161.3,-2.81,79,3,2.84,clear sky
362,Vikhorevka,RU,2022-12-25 00:41:20,56.1201,101.1636,-12.77,99,100,2.21,overcast clouds
363,Vila Franca Do Campo,PT,2022-12-25 00:41:21,37.7167,-25.4333,54.01,67,31,16.98,scattered clouds
364,Vilhena,BR,2022-12-25 00:41:21,-12.7406,-60.1458,69.58,98,100,2.71,light rain
365,Amarante Do Maranhao,BR,2022-12-25 00:41:21,-5.5667,-46.7422,71.49,97,100,2.37,overcast clouds
366,Upernavik,GL,2022-12-25 00:41:22,72.7868,-56.1549,-0.49,62,100,7.07,overcast clouds
367,Lata,PT,2022-12-25 00:41:22,40.1629,-8.3327,62.82,87,100,11.1,overcast clouds
368,Dois Vizinhos,BR,2022-12-25 00:42:23,-25.7336,-53.0572,68.13,67,100,2.44,overcast clouds
369,Flinders,AU,2022-12-25 00:42:23,-34.5833,150.8552,81.18,66,20,7.0,few clouds
370,Batalha,BR,2022-12-25 00:42:24,-9.6778,-37.1247,76.82,78,81,9.28,broken clouds
371,Druzhba,UA,2022-12-25 00:42:24,52.0428,33.9453,32.67,98,100,5.99,overcast clouds
372,Port Hawkesbury,CA,2022-12-25 00:42:25,45.6169,-61.3485,37.87,76,100,10.36,overcast clouds
373,Huangnihe,CN,2022-12-25 00:42:25,43.5583,128.0239,8.31,83,22,11.05,few clouds
374,Norman Wells,CA,2022-12-25 00:42:23,65.282,-126.8329,-20.16,69,100,4.61,light snow
375,Shache,CN,2022-12-25 00:42:26,38.4167,77.2406,18.81,52,0,0.76,clear sky
376,Gamba,GA,2022-12-25 00:42:26,-2.65,10.0,76.68,86,100,2.89,light rain
377,Pitimbu,BR,2022-12-25 00:42:27,-7.4706,-34.8086,79.39,78,19,8.21,few clouds
378,Zhanjiang,CN,2022-12-25 00:42:27,21.2815,110.3427,61.65,52,12,11.32,few clouds
379,Heihe,CN,2022-12-25 00:42:28,50.2441,127.4902,7.38,86,100,13.87,overcast clouds
380,Mange,SL,2022-12-25 00:42:28,8.9167,-12.85,71.04,80,7,1.63,clear sky
381,Hermiston,US,2022-12-25 00:42:28,45.8404,-119.2895,21.85,81,100,4.61,overcast clouds
382,Brae,GB,2022-12-25 00:42:29,60.3964,-1.353,45.28,91,100,24.61,moderate rain
383,Berlevag,NO,2022-12-25 00:42:30,70.8578,29.0864,31.95,64,100,5.75,overcast clouds
384,Taloqan,AF,2022-12-25 00:42:30,36.7361,69.5345,36.01,30,100,4.74,overcast clouds
385,San Carlos,VE,2022-12-25 00:42:30,9.6612,-68.5827,73.15,74,1,4.94,clear sky
386,Lashio,MM,2022-12-25 00:42:31,22.9333,97.75,54.25,88,20,0.51,few clouds
387,Ayagoz,KZ,2022-12-25 00:41:21,47.9714,80.4392,-8.3,85,15,4.63,few clouds
388,Khani,GE,2022-12-25 00:42:31,41.9563,42.9566,26.17,74,2,3.38,clear sky
389,Khandyga,RU,2022-12-25 00:42:32,62.6667,135.6,-37.64,100,90,1.97,overcast clouds
390,Andilamena,MG,2022-12-25 00:42:32,-17.0167,48.5833,65.98,96,64,2.37,broken clouds
391,Masterton,NZ,2022-12-25 00:42:33,-40.9597,175.6575,69.89,56,41,0.45,scattered clouds
392,Moosomin,CA,2022-12-25 00:42:33,50.1333,-101.6677,-15.12,87,8,4.61,clear sky
393,Grand Gaube,MU,2022-12-25 00:42:34,-20.0064,57.6608,77.4,74,9,11.99,light rain
394,Kameda,JP,2022-12-25 00:42:34,37.8667,139.1167,40.91,75,75,21.85,broken clouds
395,Vardo,NO,2022-12-25 00:42:35,70.3705,31.1107,30.18,74,100,11.5,overcast clouds
396,Semey,KZ,2022-12-25 00:42:35,50.4111,80.2275,5.95,87,97,10.07,overcast clouds
397,Udachnyy,RU,2022-12-25 00:42:35,66.4167,112.4,-33.48,99,29,4.65,scattered clouds
398,Kangaatsiaq,GL,2022-12-25 00:42:36,68.3065,-53.4641,0.32,86,100,14.74,overcast clouds
399,Acapulco,MX,2022-12-25 00:38:46,16.8634,-99.8901,80.42,78,40,6.91,light rain
400,Igrim,RU,2022-12-25 00:42:36,63.1906,64.4162,33.71,91,100,9.44,overcast clouds
401,Todos Santos,MX,2022-12-25 00:42:37,23.45,-110.2167,72.66,60,0,13.42,clear sky
402,Jaguariaiva,BR,2022-12-25 00:42:37,-24.2511,-49.7058,62.73,96,69,9.35,broken clouds
403,Sangar,RU,2022-12-25 00:42:38,63.9242,127.4739,-28.66,99,100,2.37,overcast clouds
404,Hibbing,US,2022-12-25 00:39:07,47.4272,-92.9377,-0.44,43,0,24.16,haze
405,Bambanglipuro,ID,2022-12-25 00:42:38,-7.95,110.2833,77.61,85,100,8.52,moderate rain
406,Kutahya,TR,2022-12-25 00:42:39,39.4242,29.9833,36.63,76,100,2.55,overcast clouds
407,Lahaina,US,2022-12-25 00:42:39,20.8783,-156.6825,82.81,72,93,9.24,overcast clouds
408,Bagdarin,RU,2022-12-25 00:42:40,54.4333,113.6,-1.32,99,100,2.15,overcast clouds
409,Saldanha,ZA,2022-12-25 00:42:40,-33.0117,17.9442,59.05,69,100,12.57,overcast clouds
410,Churapcha,RU,2022-12-25 00:42:41,62.0025,132.4325,-20.0,100,100,2.84,overcast clouds
411,Shunyi,CN,2022-12-25 00:39:11,40.125,116.6453,19.35,45,0,6.71,clear sky
412,Dalbandin,PK,2022-12-25 00:42:41,28.8947,64.4101,44.82,28,56,4.21,broken clouds
413,Ahuimanu,US,2022-12-25 00:42:42,21.4447,-157.8378,82.11,75,75,9.22,broken clouds
414,San Rafael Del Sur,NI,2022-12-25 00:42:42,11.8485,-86.4384,81.57,67,0,14.05,clear sky
415,Moindou,NC,2022-12-25 00:43:43,-21.6924,165.677,84.65,67,100,6.2,overcast clouds
416,Loreto,MX,2022-12-25 00:43:43,22.2667,-101.9667,60.89,29,88,8.05,overcast clouds
417,Mill Valley,US,2022-12-25 00:43:43,37.906,-122.545,60.73,73,100,1.01,overcast clouds
418,Sao Joao Del Rei,BR,2022-12-25 00:43:44,-21.1356,-44.2617,63.45,94,69,9.93,broken clouds
419,Murray Bridge,AU,2022-12-25 00:43:44,-35.1167,139.2667,88.34,28,0,3.76,clear sky
420,Beira,MZ,2022-12-25 00:43:45,-19.8436,34.8389,69.89,94,0,5.75,clear sky
421,Vachi,RU,2022-12-25 00:43:45,42.072,47.2151,24.71,52,0,6.73,clear sky
422,Carballo,ES,2022-12-25 00:43:46,43.213,-8.691,51.91,92,100,3.13,overcast clouds
423,Merauke,ID,2022-12-25 00:43:46,-8.4667,140.3333,80.74,82,100,8.46,moderate rain
424,Mangaluru,IN,2022-12-25 00:38:50,12.8667,74.8833,68.86,73,39,6.91,mist
425,Talcahuano,CL,2022-12-25 00:40:16,-36.7167,-73.1167,73.08,46,0,12.66,clear sky
426,Mangaratiba,BR,2022-12-25 00:41:57,-22.9597,-44.0406,76.06,88,54,3.06,broken clouds
427,Obihiro,JP,2022-12-25 00:43:47,42.9172,143.2044,29.61,79,100,9.4,overcast clouds
428,Kalmunai,LK,2022-12-25 00:43:47,7.4167,81.8167,76.12,89,100,7.43,heavy intensity rain
429,Dargaville,NZ,2022-12-25 00:43:48,-35.9333,173.8833,71.15,57,100,8.21,overcast clouds
430,Kotido,UG,2022-12-25 00:43:48,2.9806,34.1331,68.22,74,7,0.76,light rain
431,Uchiza,PE,2022-12-25 00:43:49,-8.4592,-76.4633,75.74,83,98,3.0,overcast clouds
432,Ostrovnoy,RU,2022-12-25 00:43:49,68.0531,39.5131,13.15,96,100,19.55,overcast clouds
433,Manzil Salim,TN,2022-12-25 00:43:49,35.8567,8.4765,56.86,43,0,4.7,clear sky
434,Orlik,RU,2022-12-25 00:43:50,52.5178,99.825,-27.38,95,74,2.13,broken clouds
435,Kulhudhuffushi,MV,2022-12-25 00:43:50,6.6221,73.07,80.28,71,72,9.04,broken clouds
436,Hua Hin,TH,2022-12-25 00:43:51,12.5707,99.9588,73.8,69,77,7.14,broken clouds
437,Olinda,BR,2022-12-25 00:43:51,-8.0089,-34.8553,80.33,74,40,4.61,scattered clouds
438,Borogontsy,RU,2022-12-25 00:43:52,62.6683,131.1683,-14.46,97,100,5.01,overcast clouds
439,Naze,JP,2022-12-25 00:43:52,28.3667,129.4833,52.72,67,99,18.32,overcast clouds
440,Laguna,US,2022-12-25 00:43:52,38.421,-121.4238,58.05,77,0,4.61,clear sky
441,Ammon,US,2022-12-25 00:43:53,43.4696,-111.9666,24.85,91,100,5.75,mist
442,Ust-Ishim,RU,2022-12-25 00:43:53,57.6935,71.1665,31.3,95,100,7.85,overcast clouds
443,Namatanai,PG,2022-12-25 00:43:54,-3.6667,152.4333,84.45,74,26,8.25,light rain
444,Baghdad,IQ,2022-12-25 00:42:56,33.3406,44.4009,46.31,100,12,5.75,mist
445,Thunder Bay,CA,2022-12-25 00:43:54,48.4001,-89.3168,6.78,72,100,28.77,light snow
446,Kikwit,CD,2022-12-25 00:43:55,-5.041,18.8162,68.83,97,100,1.54,overcast clouds
447,Aloja,LV,2022-12-25 00:43:55,57.7669,24.8825,26.67,94,100,4.47,overcast clouds
448,Gushikawa,JP,2022-12-25 00:43:55,26.3544,127.8686,58.59,51,100,13.8,overcast clouds
449,Moose Factory,CA,2022-12-25 00:43:56,51.2585,-80.6094,26.6,93,100,16.11,light snow
450,Qeshm,IR,2022-12-25 00:43:56,26.9581,56.2719,67.89,73,84,6.6,broken clouds
451,Wajir,KE,2022-12-25 00:43:57,1.7471,40.0573,76.26,70,0,12.26,clear sky
452,Gayny,RU,2022-12-25 00:43:57,60.3071,54.3241,32.61,98,100,9.93,snow
453,Moranbah,AU,2022-12-25 00:43:57,-22.0016,148.0466,70.93,82,100,10.76,overcast clouds
454,Punto Fijo,VE,2022-12-25 00:43:58,11.6956,-70.1996,77.65,79,0,22.88,clear sky
455,Vicksburg,US,2022-12-25 00:43:58,32.3526,-90.8779,26.33,50,0,0.0,clear sky
456,Mahabad,IR,2022-12-25 00:43:59,36.7631,45.7222,32.95,93,100,4.92,overcast clouds
457,Roald,NO,2022-12-25 00:43:59,62.5833,6.1333,33.75,64,98,17.27,overcast clouds
458,Ponta Delgada,PT,2022-12-25 00:43:59,37.7333,-25.6667,56.12,62,20,5.75,light rain
459,Pauini,BR,2022-12-25 00:44:00,-7.7136,-66.9764,74.61,98,100,2.62,light rain
460,Noumea,NC,2022-12-25 00:44:00,-22.2763,166.4572,91.38,99,100,6.91,overcast clouds
461,Muriti,TZ,2022-12-25 00:44:01,-1.9833,32.9167,69.26,77,33,1.72,moderate rain
462,Tucurui,BR,2022-12-25 00:44:01,-3.7661,-49.6725,74.95,84,18,2.68,few clouds
463,Bheramara,BD,2022-12-25 00:45:01,24.0232,88.9925,63.75,43,43,3.38,scattered clouds
464,Iki-Burul,RU,2022-12-25 00:45:02,45.8208,44.6472,38.43,89,100,3.83,overcast clouds
465,Tahmek,MX,2022-12-25 00:45:02,20.8833,-89.2667,65.95,90,100,6.08,light rain
466,Nova Venecia,BR,2022-12-25 00:41:33,-18.7106,-40.4006,69.73,98,100,1.57,overcast clouds
467,Margate,GB,2022-12-25 00:45:03,51.3813,1.3862,51.91,91,95,5.01,overcast clouds
468,Kharabali,RU,2022-12-25 00:45:04,47.4196,47.2568,26.67,65,6,7.67,clear sky
469,Banyuwangi,ID,2022-12-25 00:45:04,-8.2325,114.3576,75.04,92,100,1.28,overcast clouds
470,Sheffield,GB,2022-12-25 00:45:05,53.383,-1.4659,48.15,89,100,7.0,overcast clouds
471,Nicoya,CR,2022-12-25 00:45:05,10.1483,-85.452,75.85,72,16,11.21,few clouds
472,Muscat,OM,2022-12-25 00:45:06,23.6139,58.5922,73.42,59,4,4.36,clear sky
473,Krasnyy,RU,2022-12-25 00:45:07,54.5678,31.4333,3.36,100,98,2.98,overcast clouds
474,Aracuai,BR,2022-12-25 00:45:07,-16.8497,-42.0703,69.08,96,100,2.84,overcast clouds
475,Miles City,US,2022-12-25 00:45:07,46.4083,-105.8406,4.17,78,0,6.91,clear sky
476,Krasnoselkup,RU,2022-12-25 00:45:08,65.7,82.4667,0.86,97,88,9.95,overcast clouds
477,Hanzhong,CN,2022-12-25 00:45:08,33.0728,107.0303,35.73,92,100,3.13,overcast clouds
478,Nome,US,2022-12-25 00:45:09,64.5011,-165.4064,8.67,61,0,21.85,clear sky
479,Mount Gambier,AU,2022-12-25 00:45:09,-37.8333,140.7667,78.12,29,0,4.05,clear sky
480,Lebanon,US,2022-12-25 00:45:10,36.2081,-86.2911,21.96,72,10,8.84,clear sky
481,Yar-Sale,RU,2022-12-25 00:45:10,66.8333,70.8333,7.74,96,100,10.85,light snow
482,Asau,RO,2022-12-25 00:45:10,46.4333,26.4,29.32,88,98,5.14,overcast clouds
483,Great Yarmouth,GB,2022-12-25 00:40:49,52.6083,1.7305,49.44,93,99,16.4,overcast clouds
484,Korla,CN,2022-12-25 00:45:11,41.7597,86.1469,17.38,59,22,3.76,few clouds
485,La Presa,US,2022-12-25 00:45:11,32.7081,-116.9973,75.31,50,0,9.22,clear sky
486,Lakatoro,VU,2022-12-25 00:45:12,-16.0999,167.4164,84.76,68,100,4.61,overcast clouds
487,Itarema,BR,2022-12-25 00:45:12,-2.9248,-39.9167,78.28,81,19,10.45,few clouds
488,Izhma,RU,2022-12-25 00:45:13,65.0083,53.9113,32.02,92,100,10.16,overcast clouds
489,Cockburn Town,TC,2022-12-25 00:45:13,21.4612,-71.1419,76.96,73,40,5.75,scattered clouds
490,Sindor,RU,2022-12-25 00:45:13,62.8629,51.8905,32.09,96,100,8.41,overcast clouds
491,Deputatskiy,RU,2022-12-25 00:45:14,69.3,139.9,-19.91,85,2,4.85,clear sky
492,Faanui,PF,2022-12-25 00:45:14,-16.4833,-151.75,81.07,74,23,15.21,few clouds
493,Keti Bandar,PK,2022-12-25 00:45:15,24.1447,67.4497,63.93,27,94,8.08,overcast clouds
494,Kondinskoye,RU,2022-12-25 00:45:15,59.6481,67.41,33.69,93,100,12.19,overcast clouds
495,Bambous Virieux,MU,2022-12-25 00:45:15,-20.3428,57.7575,77.25,88,75,10.36,broken clouds
496,Nyurba,RU,2022-12-25 00:45:16,63.2842,118.3319,-23.22,98,100,4.97,overcast clouds
497,Raga,SS,2022-12-25 00:43:57,8.4596,25.678,70.12,29,13,6.58,few clouds
498,Telde,ES,2022-12-25 00:45:16,27.9924,-15.4192,64.04,50,0,4.0,clear sky
499,Edson,CA,2022-12-25 00:45:17,53.5835,-116.4356,-0.26,85,100,4.61,overcast clouds
500,Arman,RU,2022-12-25 00:45:17,59.7,150.1667,7.02,79,17,11.97,few clouds
501,Metro,ID,2022-12-25 00:45:18,-5.1131,105.3067,76.95,85,100,6.31,light rain
502,Hualmay,PE,2022-12-25 00:45:18,-11.0964,-77.6139,68.86,82,100,9.71,overcast clouds
503,Tura,IN,2022-12-25 00:45:19,25.5198,90.2201,57.76,82,5,3.15,clear sky
504,Touros,BR,2022-12-25 00:44:36,-5.1989,-35.4608,78.31,76,5,8.97,clear sky
505,Bonfim,BR,2022-12-25 00:45:19,3.0833,-59.95,77.23,61,0,8.32,clear sky
506,Moratuwa,LK,2022-12-25 00:45:20,6.773,79.8816,75.22,85,90,8.97,overcast clouds
507,Bagotville,AU,2022-12-25 00:45:20,-28.9833,153.4167,80.85,74,5,9.75,clear sky
508,Penzance,GB,2022-12-25 00:45:20,50.1186,-5.5371,52.48,89,100,21.09,overcast clouds
509,Bijie,CN,2022-12-25 00:45:21,27.3125,105.2942,41.79,86,100,2.13,overcast clouds
510,Cap-Aux-Meules,CA,2022-12-25 00:41:58,47.3821,-61.8597,35.62,60,100,18.41,overcast clouds
511,Kuala Kedah,MY,2022-12-25 00:46:21,6.1,100.3,78.98,78,20,3.44,few clouds
512,Leshukonskoye,RU,2022-12-25 00:46:22,64.8989,45.7622,14.76,94,100,8.12,overcast clouds
513,Solnechnyy,RU,2022-12-25 00:46:22,50.7214,136.6319,15.46,91,94,10.71,light snow
514,Manaure,CO,2022-12-25 00:46:23,11.7751,-72.4445,77.59,77,0,19.48,clear sky
515,Sestri Levante,IT,2022-12-25 00:46:23,44.2732,9.3968,60.57,91,95,1.99,overcast clouds
516,Dwarka,IN,2022-12-25 00:46:23,22.2394,68.9678,67.57,42,0,12.88,clear sky
517,Kailua,US,2022-12-25 00:46:24,21.4022,-157.7394,82.38,74,93,5.01,overcast clouds
518,Seoul,KR,2022-12-25 00:45:31,37.5683,126.9778,22.44,79,0,2.3,clear sky
519,Bakel,SN,2022-12-25 00:46:25,14.905,-12.4568,69.4,18,59,9.78,broken clouds
520,Portland,US,2022-12-25 00:46:01,45.5234,-122.6762,46.58,94,100,5.75,mist
521,Orissaare,EE,2022-12-25 00:46:25,58.5592,23.0826,31.95,79,100,8.14,overcast clouds
522,Tornio,FI,2022-12-25 00:46:26,65.8481,24.1466,10.42,88,100,6.29,overcast clouds
523,Beringovskiy,RU,2022-12-25 00:46:26,63.05,179.3167,14.58,75,18,21.32,few clouds
524,Jacareacanga,BR,2022-12-25 00:46:27,-6.2222,-57.7528,74.86,91,92,2.26,overcast clouds
525,Fortuna,US,2022-12-25 00:46:27,40.5982,-124.1573,61.93,86,100,10.36,overcast clouds
526,Mwene-Ditu,CD,2022-12-25 00:46:28,-7.0,23.45,64.72,96,100,1.81,overcast clouds
527,Taltal,CL,2022-12-25 00:46:28,-25.4,-70.4833,65.28,75,22,4.18,few clouds
528,Luganville,VU,2022-12-25 00:46:29,-15.5333,167.1667,86.27,65,58,7.16,broken clouds
529,San Luis,AR,2022-12-25 00:46:29,-33.295,-66.3356,65.28,27,100,12.59,overcast clouds
530,Sioux Lookout,CA,2022-12-25 00:46:30,50.1001,-91.917,-2.13,78,100,20.71,overcast clouds
531,Robertsport,LR,2022-12-25 00:46:30,6.7533,-11.3686,79.84,74,0,7.7,clear sky
532,Bathsheba,BB,2022-12-25 00:46:31,13.2167,-59.5167,79.41,73,20,18.41,light rain
533,Sabang,ID,2022-12-25 00:46:31,5.8933,95.3214,79.99,76,72,19.57,broken clouds
534,Menongue,AO,2022-12-25 00:46:32,-14.6585,17.691,62.04,94,100,3.71,overcast clouds
535,Zdvinsk,RU,2022-12-25 00:46:32,54.7021,78.661,18.34,95,100,11.68,overcast clouds
536,Agadir,MA,2022-12-25 00:46:33,30.4202,-9.5982,54.05,46,0,3.36,clear sky
537,Honningsvag,NO,2022-12-25 00:46:33,70.9821,25.9704,33.55,75,99,8.05,overcast clouds
538,Cedar City,US,2022-12-25 00:45:33,37.6775,-113.0619,41.97,61,0,0.0,clear sky
539,Lakes Entrance,AU,2022-12-25 00:46:34,-37.8811,147.981,74.05,55,0,5.32,clear sky
540,Limbus,SI,2022-12-25 00:46:34,46.5536,15.5836,41.97,93,93,4.61,overcast clouds
541,Mpongwe,ZM,2022-12-25 00:46:35,-13.5091,28.155,63.07,99,100,4.45,light rain
542,Wundanyi,KE,2022-12-25 00:46:35,-3.4019,38.364,60.35,96,87,3.38,overcast clouds
543,Ambilobe,MG,2022-12-25 00:46:36,-13.2,49.05,73.29,91,99,1.7,overcast clouds
544,Nelson Bay,AU,2022-12-25 00:46:36,-32.7167,152.15,80.1,78,2,4.0,clear sky
545,Watrous,CA,2022-12-25 00:46:37,51.6668,-105.4679,-2.42,65,100,14.97,overcast clouds
546,Kudahuvadhoo,MV,2022-12-25 00:46:37,2.6708,72.8944,80.53,68,45,14.72,scattered clouds
547,Pachino,IT,2022-12-25 00:46:38,36.7186,15.0907,58.8,77,53,6.38,broken clouds
548,Garden City,US,2022-12-25 00:46:38,42.3256,-83.331,13.89,79,100,21.85,overcast clouds
549,Emba,KZ,2022-12-25 00:46:39,48.8264,58.1442,11.12,75,0,7.18,clear sky
550,Abu Kamal,SY,2022-12-25 00:46:39,34.4506,40.9171,51.58,66,0,6.6,clear sky
551,Termiz,UZ,2022-12-25 00:46:40,37.2242,67.2783,30.29,86,100,4.61,mist
552,Comodoro Rivadavia,AR,2022-12-25 00:46:40,-45.8667,-67.5,73.26,31,0,5.75,clear sky
553,Mount Isa,AU,2022-12-25 00:46:40,-20.7333,139.5,82.17,74,75,12.66,light rain
554,Ostersund,SE,2022-12-25 00:46:41,63.1792,14.6357,16.25,86,27,11.5,scattered clouds
555,Nurlat,RU,2022-12-25 00:46:41,54.4277,50.8051,22.19,79,100,14.23,overcast clouds
556,Quesnel,CA,2022-12-25 00:47:42,52.9999,-122.5029,30.7,80,100,13.8,snow
557,Ilheus,BR,2022-12-25 00:47:42,-14.7889,-39.0494,76.82,94,75,5.75,broken clouds
558,Nuuk,GL,2022-12-25 00:47:43,64.1835,-51.7216,7.77,70,0,6.76,clear sky
559,Muros,ES,2022-12-25 00:47:43,42.7762,-9.0603,51.67,96,100,8.23,overcast clouds
560,Mikun,RU,2022-12-25 00:47:44,62.3547,50.0771,32.05,93,100,7.96,overcast clouds
561,Bell Ville,AR,2022-12-25 00:47:44,-32.6259,-62.6887,67.66,21,65,8.37,broken clouds
562,Launceston,AU,2022-12-25 00:47:44,-41.45,147.1667,73.35,53,6,16.11,clear sky
563,Khor,RU,2022-12-25 00:47:45,47.8861,134.9464,14.0,94,100,1.28,overcast clouds
564,Chimbote,PE,2022-12-25 00:47:45,-9.0853,-78.5783,68.72,82,69,6.76,broken clouds
565,Castelldefels,ES,2022-12-25 00:47:46,41.2779,1.9703,63.19,69,0,4.61,clear sky
566,Dunmore Town,BS,2022-12-25 00:47:46,25.5,-76.65,69.78,72,100,16.35,overcast clouds
567,Abu Samrah,SY,2022-12-25 00:47:46,35.3029,37.1841,48.54,89,7,5.68,clear sky
568,Buala,SB,2022-12-25 00:47:47,-8.145,159.5921,85.8,65,100,4.34,light rain
569,Ixtapa,MX,2022-12-25 00:47:47,20.7,-105.2,68.11,66,0,1.32,clear sky
570,Marigot,MF,2022-12-25 00:47:48,18.0667,-63.0833,79.05,73,20,13.8,few clouds
571,Ola,RU,2022-12-25 00:47:48,59.5833,151.2833,7.14,79,32,11.39,scattered clouds
572,Ibra,OM,2022-12-25 00:47:48,22.6906,58.5334,61.86,67,0,1.81,clear sky
573,Mao,ES,2022-12-25 00:47:49,39.8885,4.2658,59.56,100,20,8.05,few clouds
574,Saint-Ambroise,CA,2022-12-25 00:47:49,48.5501,-71.3324,15.58,57,100,9.22,overcast clouds
575,Mvomero,TZ,2022-12-25 00:47:50,-6.25,38.6667,74.12,96,100,1.63,moderate rain
576,Sterling,US,2022-12-25 00:47:50,39.0062,-77.4286,17.94,60,0,5.01,clear sky
577,Ocean City,US,2022-12-25 00:45:29,39.2776,-74.5746,20.98,57,5,5.01,clear sky
578,Fort Saint James,CA,2022-12-25 00:47:51,54.4333,-124.25,11.34,98,100,1.39,overcast clouds
579,Tanggu,CN,2022-12-25 00:47:51,39.0211,117.6469,22.96,34,100,3.38,overcast clouds
580,Birao,CF,2022-12-25 00:47:51,10.2849,22.7882,65.86,35,95,5.73,overcast clouds
581,Lufkin,US,2022-12-25 00:47:52,31.3382,-94.7291,30.47,54,9,4.18,clear sky
582,Nelson,NZ,2022-12-25 00:47:52,-41.2833,173.2833,75.29,54,100,3.0,overcast clouds
583,Puerto Baquerizo Moreno,EC,2022-12-25 00:47:52,-0.9,-89.6,72.05,85,53,8.16,broken clouds
584,Durazno,UY,2022-12-25 00:47:53,-33.4131,-56.5006,63.1,77,100,15.35,overcast clouds
585,Ternate,ID,2022-12-25 00:47:53,0.8,127.4,78.58,87,100,5.93,light rain
586,Sokoni,TZ,2022-12-25 00:47:54,-6.4333,39.55,80.31,80,92,11.36,light rain
587,Goksun,TR,2022-12-25 00:47:54,38.021,36.4973,31.59,73,0,5.1,clear sky
588,Rawson,AR,2022-12-25 00:47:54,-43.3002,-65.1023,63.93,44,99,15.08,overcast clouds
589,Vaitape,PF,2022-12-25 00:47:55,-16.5167,-151.75,81.07,74,23,15.17,few clouds
590,Chicla,PE,2022-12-25 00:47:55,-11.705,-76.2686,46.02,81,100,2.89,overcast clouds
591,Tingo Maria,PE,2022-12-25 00:47:56,-9.2895,-76.0088,72.16,94,98,2.42,overcast clouds
592,San Andres,CO,2022-12-25 00:47:22,12.5847,-81.7006,82.42,69,20,12.66,few clouds
593,Mendi,PG,2022-12-25 00:47:57,-6.1761,143.6513,70.56,62,100,3.49,overcast clouds
594,Raudeberg,NO,2022-12-25 00:47:57,61.9875,5.1352,34.47,61,100,10.38,overcast clouds
595,Parintins,BR,2022-12-25 00:47:57,-2.6283,-56.7358,78.12,75,95,2.53,overcast clouds
596,Sidi Ali,DZ,2022-12-25 00:47:58,36.0998,0.4206,58.73,49,0,5.77,clear sky
597,Bershet,RU,2022-12-25 00:47:58,57.7309,56.3783,29.46,88,100,14.18,overcast clouds
598,Antigonish,CA,2022-12-25 00:47:59,45.6169,-61.9986,37.15,78,72,1.99,broken clouds
599,Delitzsch,DE,2022-12-25 00:47:59,51.5333,12.35,45.34,93,0,8.05,clear sky
600,Nanortalik,GL,2022-12-25 00:48:00,60.1432,-45.2371,19.06,70,59,5.68,broken clouds
601,Mamburao,PH,2022-12-25 00:48:00,13.25,120.6667,76.89,75,100,11.27,overcast clouds
602,Hervey Bay,AU,2022-12-25 00:48:01,-25.2986,152.8535,80.02,74,99,8.99,overcast clouds
603,Lavrentiya,RU,2022-12-25 00:49:01,65.5833,-171.0,13.26,87,42,15.28,scattered clouds
604,Nanakuli,US,2022-12-25 00:49:01,21.3906,-158.1547,82.35,59,20,11.5,few clouds
605,Collie,AU,2022-12-25 00:49:02,-33.3667,116.15,73.72,52,99,5.61,overcast clouds
606,Ekhabi,RU,2022-12-25 00:49:02,53.5102,142.9671,30.13,94,100,15.73,light snow
607,Smithers,CA,2022-12-25 00:44:55,54.7804,-127.1743,12.52,79,75,2.3,broken clouds
608,Mandalgovi,MN,2022-12-25 00:49:03,45.7625,106.2708,1.42,84,100,20.42,overcast clouds
609,Catia La Mar,VE,2022-12-25 00:49:03,10.6038,-67.0303,84.4,70,20,2.3,few clouds
610,Sendhwa,IN,2022-12-25 00:49:04,21.6833,75.1,58.08,41,0,6.26,clear sky
611,Bubaque,GW,2022-12-25 00:49:04,11.2833,-15.8333,80.28,60,88,9.22,overcast clouds
612,Arlit,NE,2022-12-25 00:49:04,18.7369,7.3853,58.35,37,32,5.7,scattered clouds
613,Biloli,IN,2022-12-25 00:49:05,18.7667,77.7333,63.0,60,6,5.7,clear sky
614,Namtsy,RU,2022-12-25 00:49:05,62.7161,129.6658,-17.99,94,100,4.9,overcast clouds
615,Bridgwater,GB,2022-12-25 00:49:06,51.1284,-3.0036,53.04,92,100,10.54,overcast clouds
616,Aitape,PG,2022-12-25 00:49:06,-3.1374,142.3475,85.91,67,100,3.87,overcast clouds
617,Qingdao,CN,2022-12-25 00:49:07,36.0986,120.3719,20.8,73,0,4.47,clear sky
618,Kemijarvi,FI,2022-12-25 00:49:07,66.7131,27.4306,10.38,96,42,6.26,scattered clouds
619,Arinos,BR,2022-12-25 00:49:07,-15.9169,-46.1056,69.55,97,100,4.23,light rain
620,Olean,US,2022-12-25 00:48:10,42.0776,-78.4297,5.68,81,100,17.98,overcast clouds
621,Safaga,EG,2022-12-25 00:49:08,26.7292,33.9365,62.2,50,0,7.14,clear sky
622,Am Timan,TD,2022-12-25 00:49:08,11.0297,20.2827,68.83,35,51,6.8,broken clouds
623,Pritzwalk,DE,2022-12-25 00:49:09,53.1494,12.1741,39.04,95,5,7.02,clear sky
624,Fairbanks,US,2022-12-25 00:45:32,64.8378,-147.7164,-13.0,70,0,11.5,clear sky
625,Kimbe,PG,2022-12-25 00:48:43,-5.5502,150.1429,87.93,63,63,4.5,light rain
626,Mudgee,AU,2022-12-25 00:49:10,-32.5943,149.5871,90.0,29,0,0.47,clear sky
627,Saint-Pierre,RE,2022-12-25 00:49:10,-21.3393,55.4781,76.68,69,20,4.61,few clouds
628,Calamar,CO,2022-12-25 00:49:11,10.2511,-74.9146,75.16,72,0,3.33,clear sky
629,Praia Da Vitoria,PT,2022-12-25 00:49:11,38.7333,-27.0667,55.65,67,20,22.66,light rain
630,Svetlaya,RU,2022-12-25 00:49:12,46.5389,138.3297,24.01,66,67,8.05,broken clouds
631,Maragogi,BR,2022-12-25 00:49:12,-9.0122,-35.2225,77.79,81,10,8.59,clear sky
632,Sobolevo,RU,2022-12-25 00:49:12,54.4299,31.8996,4.37,99,76,4.09,broken clouds
633,Surt,LY,2022-12-25 00:49:13,31.2089,16.5887,63.66,77,25,14.36,scattered clouds
634,Itaqui,BR,2022-12-25 00:44:31,-29.1253,-56.5531,75.49,61,100,7.36,overcast clouds
635,Dong Hoi,VN,2022-12-25 00:49:13,17.4833,106.6,64.45,83,100,4.34,overcast clouds
636,Shubarkuduk,KZ,2022-12-25 00:49:14,49.1447,56.4872,11.32,77,0,9.26,clear sky
637,Stolac,BA,2022-12-25 00:49:15,43.0844,17.9575,42.58,83,15,4.12,few clouds
638,Jishou,CN,2022-12-25 00:49:15,28.3167,109.7167,46.78,39,100,4.65,overcast clouds
639,Kalangala,UG,2022-12-25 00:49:15,-0.3089,32.225,65.55,78,26,4.81,moderate rain
640,Santa Marinella,IT,2022-12-25 00:49:16,42.0345,11.8536,58.71,86,0,9.64,clear sky
641,Santa Rosa,PH,2022-12-25 00:49:16,14.3122,121.1114,78.1,72,93,18.63,overcast clouds
642,Prieska,ZA,2022-12-25 00:49:17,-29.6641,22.7474,70.2,22,88,9.75,overcast clouds
643,Troitskoye,RU,2022-12-25 00:49:17,52.9821,84.6757,15.03,94,100,8.03,overcast clouds
644,Zihuatanejo,MX,2022-12-25 00:49:18,17.6333,-101.55,77.76,78,97,6.17,light rain
645,Maloy,NO,2022-12-25 00:49:18,61.9353,5.1136,35.33,61,100,9.86,overcast clouds
646,Rosario,AR,2022-12-25 00:45:27,-32.9468,-60.6393,72.95,46,0,9.22,clear sky
647,Jacqueville,CI,2022-12-25 00:49:19,5.2052,-4.4146,80.33,79,58,1.07,broken clouds
648,Umm Kaddadah,SD,2022-12-25 00:50:19,13.6017,26.6876,58.51,38,8,11.83,clear sky
649,Boa Vista,BR,2022-12-25 00:50:20,2.8197,-60.6733,78.78,53,0,9.22,clear sky
650,Teahupoo,PF,2022-12-25 00:50:20,-17.8333,-149.2667,76.96,79,29,11.12,scattered clouds
651,Kamina,CD,2022-12-25 00:50:21,-8.7386,24.9906,63.19,97,100,2.8,overcast clouds
652,Paredon,MX,2022-12-25 00:50:21,16.0333,-93.8667,70.84,64,11,20.76,few clouds
653,Rio Gallegos,AR,2022-12-25 00:50:22,-51.6226,-69.2181,64.45,25,0,23.02,clear sky
654,Santo Antonio Do Amparo,BR,2022-12-25 00:50:22,-20.9464,-44.9189,62.06,95,5,9.28,clear sky
655,Gat,IL,2022-12-25 00:50:23,31.61,34.7642,57.4,100,100,5.46,overcast clouds
656,Haukipudas,FI,2022-12-25 00:50:23,65.1765,25.3523,23.05,92,45,5.95,scattered clouds
657,Belaya Gora,RU,2022-12-25 00:50:24,68.5333,146.4167,-31.54,99,6,1.92,clear sky
658,Tambura,SS,2022-12-25 00:50:24,5.6,27.4667,71.56,37,37,4.05,scattered clouds
659,Jumla,NP,2022-12-25 00:50:25,29.2747,82.1838,28.81,23,4,5.57,clear sky
660,Mehamn,NO,2022-12-25 00:50:25,71.0357,27.8492,31.91,80,40,9.22,scattered clouds
661,Mecca,SA,2022-12-25 00:47:40,21.4267,39.8261,64.42,58,8,4.94,clear sky
662,Inuvik,CA,2022-12-25 00:45:28,68.3499,-133.7218,-28.34,71,20,9.22,few clouds
663,Staryy Nadym,RU,2022-12-25 00:50:26,65.6118,72.6842,15.42,95,100,12.03,overcast clouds
664,Dongsheng,CN,2022-12-25 00:50:26,39.8161,109.9776,14.9,46,100,15.3,overcast clouds
665,Novytsya,UA,2022-12-25 00:50:27,48.9635,24.3354,41.88,91,100,11.03,overcast clouds
666,Ramos Arizpe,MX,2022-12-25 00:50:27,25.55,-100.9667,51.84,45,0,3.09,clear sky
667,Pushkino,RU,2022-12-25 00:50:28,56.0172,37.8667,28.69,98,73,5.12,broken clouds
668,Umm Lajj,SA,2022-12-25 00:50:28,25.0213,37.2685,67.26,65,2,5.48,clear sky
669,Vinces,EC,2022-12-25 00:50:28,-1.55,-79.7333,79.45,71,100,4.14,moderate rain
670,Puerto Maldonado,PE,2022-12-25 00:50:29,-12.6,-69.1833,81.07,71,100,2.75,overcast clouds
671,Leh,IN,2022-12-25 00:50:29,34.1667,77.5833,4.44,59,1,2.21,clear sky
672,Yeppoon,AU,2022-12-25 00:50:30,-23.1333,150.7333,76.78,64,100,7.2,overcast clouds
673,Alexandria,EG,2022-12-25 00:50:30,31.2156,29.9553,55.94,73,19,7.36,few clouds
674,Chivilcoy,AR,2022-12-25 00:50:30,-34.8957,-60.0167,59.58,63,0,11.03,clear sky
675,Aswan,EG,2022-12-25 00:50:31,24.0934,32.907,56.5,44,0,4.61,clear sky
676,Wittenberge,DE,2022-12-25 00:50:31,53.0,11.75,39.0,90,0,5.59,clear sky
677,Broken Hill,AU,2022-12-25 00:50:32,-31.95,141.4333,88.48,28,0,5.53,clear sky
678,Lac Du Bonnet,CA,2022-12-25 00:50:32,50.2536,-96.0612,-2.97,88,14,10.85,few clouds
679,Thinadhoo,MV,2022-12-25 00:50:33,0.5333,72.9333,79.84,81,53,19.35,broken clouds
680,Champasak,LA,2022-12-25 00:50:33,14.75,106.0,64.36,65,8,1.43,clear sky
681,Miramar,US,2022-12-25 00:50:34,25.9873,-80.2323,51.03,55,20,8.05,few clouds
682,Batesville,US,2022-12-25 00:50:34,35.7698,-91.641,26.24,65,7,6.26,clear sky
683,Chernyshevskiy,RU,2022-12-25 00:50:34,63.0128,112.4714,-36.62,100,99,3.18,overcast clouds
684,Bhum,IN,2022-12-25 00:50:35,18.4667,75.6667,64.96,54,0,4.92,clear sky
685,Bandarbeyla,SO,2022-12-25 00:50:35,9.4942,50.8122,75.65,79,18,11.05,few clouds
686,Sestu,IT,2022-12-25 00:50:36,39.2943,9.093,58.64,85,0,11.5,mist
687,Mabaruma,GY,2022-12-25 00:50:36,8.2,-59.7833,70.18,95,0,3.13,clear sky
688,Camopi,GF,2022-12-25 00:50:37,3.1655,-52.3158,71.2,100,92,2.3,overcast clouds
689,Juneau,US,2022-12-25 00:46:05,58.3019,-134.4197,19.22,93,100,0.0,light snow
690,Westport,US,2022-12-25 00:49:03,41.1415,-73.3579,15.33,56,0,15.01,clear sky
691,Araouane,ML,2022-12-25 00:50:37,18.9048,-3.5265,60.85,24,0,10.36,clear sky
692,Port Moresby,PG,2022-12-25 00:50:38,-9.4431,147.1797,83.62,79,75,11.5,broken clouds
693,Rio Grande,BR,2022-12-25 00:50:20,-32.035,-52.0986,73.51,89,100,2.82,overcast clouds
694,Dakoro,NE,2022-12-25 00:51:38,14.5106,6.765,58.87,35,93,12.15,overcast clouds
695,Vyartsilya,RU,2022-12-25 00:51:39,62.1764,30.693,14.43,98,88,5.35,overcast clouds
696,Tapes,BR,2022-12-25 00:51:39,-30.6733,-51.3958,71.47,85,89,9.37,overcast clouds
697,Palmer,US,2022-12-25 00:49:08,42.1584,-72.3287,12.61,57,0,11.5,clear sky
698,Morden,CA,2022-12-25 00:51:40,49.1919,-98.1014,-4.14,59,0,11.5,clear sky
699,Matamoros,MX,2022-12-25 00:51:40,25.5333,-103.25,40.91,27,0,3.31,clear sky
700,Cururupu,BR,2022-12-25 00:51:41,-1.8283,-44.8683,75.49,92,61,4.18,broken clouds
701,San Carlos De Bariloche,AR,2022-12-25 00:48:19,-41.1456,-71.3082,71.35,10,0,10.36,clear sky
702,Werda,BW,2022-12-25 00:51:42,-25.2667,23.2833,74.98,47,99,5.84,overcast clouds
703,Yueyang,CN,2022-12-25 00:51:43,29.3333,113.0919,45.14,43,7,4.27,clear sky
704,Yurga,RU,2022-12-25 00:51:43,55.7231,84.8861,15.39,93,100,11.77,overcast clouds
705,Yerbogachen,RU,2022-12-25 00:51:44,61.2767,108.0108,-25.38,100,100,3.47,overcast clouds
706,Dhidhdhoo,MV,2022-12-25 00:51:44,6.8833,73.1,80.46,71,48,9.46,scattered clouds
707,Sawakin,SD,2022-12-25 00:51:44,19.1059,37.3321,73.2,64,73,8.08,broken clouds
708,Maxixe,MZ,2022-12-25 00:51:45,-23.8597,35.3472,71.76,74,0,8.5,clear sky
709,Juan Lacaze,UY,2022-12-25 00:51:45,-34.4342,-57.4381,65.12,65,69,17.22,broken clouds
